column1,strokeCount,search_result
亜,7,2.79
院,10,4.385
押,8,3.7133333333333334
魁,14,3.34
粥,12,4.86
機,16,3.4428571428571426
供,8,3.03
掘,11,3.48
検,12,3.1
后,6,3.236
此,6,2.445
察,14,2.376
次,6,2.816666666666667
宗,8,2.35
勝,12,2.1999999999999997
拭,9,4.4366666666666665
澄,15,2.5285714285714285
繊,17,3.3333333333333335
臓,19,4.455
叩,5,3.5540000000000003
帖,8,4.4366666666666665
邸,8,4.615
董,12,2.59
如,6,1.8557142857142856
函,8,4.9
鼻,14,4.89
福,13,2.2625
法,8,2.7866666666666666
漫,14,2.804
諭,16,2.4975
痢,12,4.52
蓮,13,4.35
弌,4,3.97
僉,13,2.27
辧,16,3.0325
咫,9,3.3049999999999997
圈,11,3.9275
奸,6,1.9233333333333333
屐,10,3.47
廖,14,3.465
悄,10,2.21
戞,12,4.18
據,16,2.0233333333333334
曄,14,2.94
棔,12,4.7
檗,17,
沺,8,2.1
漾,14,3.395
燹,18,4.8
瓠,12,4.86
癲,24,2.34
磧,16,3.005
筺,13,4.86
紂,9,4.5
罅,17,4.39
隋,12,3.618
茵,9,4.84
蕁,15,1.46
蝓,15,4.785
襦,19,4.96
譟,20,3.01
蹇,17,3.78
遏,12,2.95
錙,16,2.9633333333333334
陝,10,3.48
顱,25,4.79
髻,16,4.5
鵝,18,4.81
堯,12,3.085
唖,10,2.8
娃,9,2.16
阿,8,3.698
哀,9,1.9866666666666668
愛,13,2.145
挨,10,3.64
姶,9,2.76
逢,10,3.0
葵,12,
茜,9,3.3
穐,16,3.27
悪,11,2.1466666666666665
握,12,3.8066666666666666
渥,12,2.61
旭,6,3.485
葦,13,4.7
芦,7,4.7
鯵,19,5.0
梓,11,4.59
圧,5,2.492
斡,14,2.75
扱,6,3.6233333333333335
宛,8,2.283333333333333
姐,8,3.9899999999999998
虻,9,4.97
飴,13,4.845000000000001
絢,12,2.07
綾,14,2.865
鮎,16,4.11
或,8,2.274
粟,12,3.88
袷,11,3.59
安,6,2.5816666666666666
庵,11,3.03
按,9,2.5433333333333334
暗,13,2.865
案,10,2.3922222222222222
闇,17,2.4466666666666668
鞍,15,4.85
杏,7,4.97
以,5,1.9233333333333333
伊,6,1.54
位,7,3.26
依,8,1.99
偉,12,1.865
囲,7,3.084285714285714
夷,6,3.115
委,8,2.774
威,9,2.13
尉,11,3.515
惟,11,2.3
意,13,2.5775
慰,15,2.6542857142857144
易,8,1.9024999999999999
椅,12,4.58
為,9,2.57
畏,9,2.0725
異,11,2.0485714285714285
移,11,3.14
維,14,4.746666666666666
緯,16,3.355
胃,9,4.5649999999999995
萎,11,2.97
衣,6,4.523333333333333
謂,16,2.5925
違,13,1.87
遺,15,2.2733333333333334
医,7,4.74
井,4,3.705
亥,6,3.8449999999999998
域,11,3.4775
育,8,3.2424999999999997
郁,9,3.38
磯,17,4.71
一,1,3.97
壱,7,3.97
溢,13,3.3833333333333333
逸,11,2.3
稲,14,4.86
茨,9,4.720000000000001
芋,6,4.85
鰯,21,5.0
允,4,3.1333333333333333
印,6,4.015555555555555
咽,9,3.5033333333333334
員,10,2.9749999999999996
因,6,2.162
姻,9,2.57
引,4,3.1385714285714283
飲,12,4.26
淫,11,2.21
胤,9,2.9733333333333336
蔭,14,3.59
陰,11,3.08
隠,14,3.5433333333333334
韻,19,2.8466666666666667
吋,6,4.37
右,5,3.47
宇,6,4.055
烏,10,4.895
羽,6,4.17
迂,6,3.86
雨,8,4.97
卯,5,3.6833333333333336
鵜,18,
窺,16,3.625
丑,4,3.96
碓,13,
臼,6,4.48
渦,12,3.96
嘘,14,2.5549999999999997
唄,10,4.17
欝,26,2.0833333333333335
蔚,14,3.14
鰻,22,4.69
姥,9,2.72
厩,12,4.28
浦,10,4.483333333333333
瓜,6,4.78
閏,12,1.82
噂,15,2.3233333333333333
云,4,2.58
運,12,2.5575
雲,12,4.54
荏,9,4.2575
餌,14,3.6975
叡,16,2.38
営,12,3.378
嬰,17,4.43
影,15,3.8466666666666667
映,9,3.086666666666667
曳,6,3.1385714285714283
栄,9,1.692
永,5,2.626666666666667
泳,8,4.43
洩,9,3.81
瑛,12,4.195
盈,9,1.9025
穎,16,3.3499999999999996
頴,16,3.3499999999999996
英,8,2.41
衛,16,2.475
詠,12,3.856666666666667
鋭,15,3.703333333333333
液,11,4.446
疫,9,3.23
益,10,2.39
駅,14,4.32
悦,10,2.126666666666667
謁,15,4.29
越,12,3.045
閲,15,2.89
榎,14,4.115
厭,14,2.1879999999999997
円,4,4.126666666666667
園,13,4.720000000000001
堰,12,3.6333333333333333
奄,8,3.476666666666667
宴,10,4.0633333333333335
延,8,2.04
怨,9,2.6533333333333333
掩,11,3.71
援,12,2.49
沿,8,3.7474999999999996
演,14,3.104
炎,8,4.1033333333333335
焔,11,4.475
煙,13,4.96
燕,16,3.89
猿,13,4.9
縁,15,3.0733333333333333
艶,19,3.275714285714286
苑,8,4.6866666666666665
薗,16,4.713333333333334
遠,13,2.73
鉛,13,4.1
鴛,16,4.45
塩,13,4.89
於,8,2.4125
汚,6,3.0260000000000002
甥,12,4.48
凹,5,3.62
央,5,3.77
奥,12,4.055
往,8,2.6471428571428572
応,7,2.704
旺,8,2.13
横,15,3.11
欧,8,
殴,8,3.77
王,4,3.335
翁,10,1.74
襖,17,3.62
鴬,16,4.68
鴎,15,5.0
黄,11,4.3
岡,8,4.3999999999999995
沖,7,3.625
荻,10,3.8
億,15,3.2
屋,9,4.286
憶,16,2.296666666666667
臆,17,2.7039999999999997
桶,11,4.8
牡,7,4.45
乙,1,2.766
俺,10,3.45
卸,9,3.07
恩,10,1.8542857142857143
温,12,3.56
穏,16,2.4966666666666666
音,9,3.6100000000000003
下,3,3.0033333333333334
化,4,2.384
仮,6,2.384
何,7,2.0
伽,7,3.965
価,8,2.625
佳,8,2.086
加,5,2.768
可,5,2.745
嘉,14,2.552
夏,10,3.64
嫁,13,3.83
家,10,3.7283333333333335
寡,14,3.1533333333333333
科,9,3.453333333333333
暇,13,2.828
果,8,3.20125
架,9,3.7383333333333333
歌,14,4.4
河,8,4.89
火,4,4.68
珂,9,4.96
禍,13,2.0975
禾,5,
稼,15,3.42
箇,14,4.17
花,7,5.0
苛,8,2.79
茄,8,4.97
荷,10,4.45
華,10,3.0500000000000003
菓,11,4.82
蝦,15,4.76
課,15,3.288333333333333
嘩,13,3.56
貨,11,4.123333333333333
迦,8,
過,12,2.445
霞,17,2.8
蚊,10,4.88
俄,9,2.17
峨,10,3.46
我,7,2.608
牙,5,4.593333333333333
画,8,4.52
臥,9,3.8666666666666667
芽,8,4.5025
蛾,13,4.69
賀,12,2.4050000000000002
雅,13,2.2225
餓,15,3.14
駕,15,4.346666666666667
介,4,2.9233333333333333
会,6,3.12
解,13,2.83875
回,6,4.0024999999999995
塊,13,4.015
壊,16,3.39
廻,9,3.79
快,7,2.0725
怪,8,2.22
悔,9,1.88
恢,9,3.2
懐,16,3.5085714285714285
戒,7,2.53
拐,8,3.08
改,7,2.78125
晦,10,3.575
械,11,4.06
海,9,4.825
灰,6,4.51
界,9,3.7
皆,9,2.285
絵,12,4.5675
芥,7,4.256
蟹,19,4.9
開,12,3.2666666666666666
階,12,4.55
貝,7,4.53
凱,12,2.55
劾,8,2.96
外,5,4.25
咳,9,3.955
害,10,3.31
崖,11,3.855
慨,13,2.42
概,14,2.315
涯,11,3.7350000000000003
碍,13,3.48
蓋,13,4.443333333333333
街,12,4.706666666666667
該,13,1.4849999999999999
鎧,18,3.73
骸,16,4.86
浬,10,3.66
馨,20,3.075
蛙,12,5.0
垣,9,4.74
柿,9,4.74
蛎,11,4.85
鈎,12,4.654999999999999
劃,14,2.86
嚇,17,2.1975
各,6,2.04
廓,14,4.234999999999999
拡,8,2.94
撹,15,3.54
格,10,3.012
核,10,3.8833333333333333
殻,11,4.6899999999999995
獲,16,3.02875
確,15,3.13625
穫,18,3.5700000000000003
覚,12,2.818
角,7,4.36
赫,14,3.2525
較,13,2.58
郭,11,3.9433333333333334
閣,14,4.23
隔,13,3.12
革,9,3.2875
学,8,3.21
岳,8,4.183333333333334
楽,13,3.1733333333333333
額,18,3.8685714285714288
顎,18,4.696666666666666
掛,11,3.263333333333333
笠,11,4.86
樫,16,4.0
橿,17,4.82
梶,11,
鰍,20,
潟,15,4.5
割,12,3.1916666666666664
喝,11,3.07
恰,9,1.43
括,9,3.9875
活,9,2.685
渇,11,3.3866666666666667
滑,13,3.88
葛,11,
褐,13,4.48
轄,17,3.17
且,5,1.81
鰹,23,
叶,5,3.21
椛,11,3.95
樺,14,4.205
鞄,14,4.91
株,10,3.954
兜,11,4.835
竃,17,4.7524999999999995
蒲,13,4.859999999999999
釜,10,4.65
鎌,18,4.176666666666667
噛,15,4.076666666666667
鴨,16,2.24
栢,10,4.82
茅,8,
萱,12,
刈,4,4.138
苅,7,4.11
瓦,5,4.34
乾,11,3.686
侃,8,2.0300000000000002
冠,9,2.71
寒,12,3.85
刊,5,3.65
勘,11,2.826
勧,13,2.136
巻,9,4.111111111111111
喚,12,3.794
堪,12,2.4699999999999998
姦,9,2.672
完,7,2.3866666666666667
官,8,3.353333333333333
寛,13,2.05
干,3,2.964
幹,13,2.8825
患,11,2.5025
感,13,2.33
慣,14,1.9966666666666666
憾,16,1.8833333333333333
換,12,2.815
敢,12,2.185
柑,9,4.4350000000000005
桓,10,3.79
棺,12,4.86
款,12,3.125
歓,15,2.335
汗,6,4.71
漢,13,
澗,15,4.72
潅,14,3.6839999999999997
環,17,4.385
甘,5,3.0140000000000002
監,15,2.6149999999999998
看,9,3.91
竿,9,4.609999999999999
管,14,3.4883333333333333
簡,18,2.0949999999999998
緩,15,2.5
缶,6,4.906666666666666
翰,16,4.2
肝,7,4.1899999999999995
艦,21,4.86
莞,10,4.29
観,18,2.572
諌,15,2.24
貫,11,3.73
還,16,2.835
鑑,23,3.236666666666667
間,12,3.0549999999999997
閑,12,2.03
関,14,3.092
陥,10,4.238
韓,18,
館,16,4.3675
舘,16,4.276666666666666
丸,3,3.2542857142857144
含,7,2.965
岸,8,4.79
巌,20,4.79
玩,8,2.915
癌,17,3.48
眼,11,4.92
岩,8,4.763333333333334
翫,15,3.1500000000000004
贋,19,3.335
雁,12,2.41
頑,13,2.1166666666666667
顔,18,3.705
願,19,2.43
企,6,2.602
伎,6,3.0149999999999997
危,6,2.1866666666666665
喜,12,2.615
器,15,3.8966666666666665
基,11,3.336666666666667
奇,8,1.86
嬉,15,2.3
寄,11,3.092857142857143
岐,7,4.696
希,7,2.507142857142857
幾,12,1.8133333333333335
忌,7,2.4275
揮,12,4.26
机,6,4.885
旗,14,2.9566666666666666
既,10,2.1533333333333333
期,12,3.275
棋,12,4.7
棄,13,2.8449999999999998
帰,10,3.3125
毅,15,3.14
気,6,2.6
汽,7,4.325
畿,15,4.1
祈,8,2.49
季,8,
稀,12,2.2800000000000002
紀,9,3.092
徽,17,2.91
規,11,2.71
記,10,3.4333333333333336
貴,12,2.316
起,10,2.683333333333333
軌,9,3.936
輝,15,3.272
飢,10,3.19
騎,18,4.09
鬼,10,3.3
亀,11,4.9350000000000005
偽,11,2.5949999999999998
儀,15,2.796
妓,7,4.13
宜,8,1.62
戯,15,3.2533333333333334
技,7,2.945
擬,17,3.0275
欺,12,2.236666666666667
犠,17,2.8
疑,14,2.11
祇,8,2.106666666666667
義,13,1.615
蟻,19,4.86
誼,15,2.175
議,20,2.355
掬,11,4.15
菊,11,4.57
鞠,17,5.0
吉,6,2.15
吃,6,2.93
喫,12,4.052
桔,10,2.64
橘,16,3.67
詰,13,2.3225
砧,10,
杵,8,4.61
黍,12,3.88
却,7,2.8033333333333332
客,9,3.95
脚,11,3.9975
虐,9,1.6949999999999998
逆,9,2.6325
丘,5,4.6
久,3,2.95
仇,4,2.5300000000000002
休,6,3.625
及,3,3.1075
吸,6,3.8233333333333333
宮,10,4.645
弓,3,4.61
急,9,2.7175
救,11,2.396
朽,6,3.27
求,7,2.112
汲,7,4.3325000000000005
泣,8,4.086666666666667
灸,7,2.11
球,11,4.720000000000001
究,7,3.365
窮,15,2.514
笈,9,4.96
級,9,3.236666666666667
糾,9,2.6975
給,12,3.341666666666667
旧,5,2.585
牛,4,4.96
去,5,2.412857142857143
居,8,2.6725
巨,5,2.8525
拒,8,2.8
拠,8,2.6175
挙,10,3.2525
渠,12,4.61
虚,11,2.9183333333333334
許,11,2.64
距,12,4.57
鋸,16,4.46
漁,14,4.41
禦,17,2.885
魚,11,5.0
亨,7,2.9299999999999997
享,8,2.8328571428571427
京,8,4.1
侠,8,3.065
僑,14,3.2533333333333334
兇,6,1.72
競,20,3.0157142857142856
共,6,2.217142857142857
凶,4,2.6174999999999997
協,8,2.03
匡,6,2.51
卿,12,3.8025
叫,6,3.48
喬,12,2.99
境,14,3.506666666666667
峡,9,4.380000000000001
強,11,3.14
彊,16,3.14
怯,8,2.972
恐,10,2.1066666666666665
恭,10,1.77
挟,9,3.3600000000000003
教,11,2.3
橋,16,4.97
況,8,2.09
狂,7,2.3625
狭,9,3.515
矯,17,2.39625
胸,10,4.7425
脅,10,2.335
興,16,2.568
蕎,15,4.54
郷,11,3.83
鏡,19,4.435
響,20,3.644
饗,22,4.0
驚,22,1.86
仰,6,2.7271428571428573
凝,16,3.3
尭,8,3.085
暁,12,3.89
業,13,3.1925
局,7,3.63
曲,6,3.227777777777778
極,12,2.53125
玉,5,4.98
桐,10,
粁,9,4.07
僅,12,1.46
勤,12,2.4299999999999997
均,7,2.63
巾,3,4.3575
錦,16,2.61
斤,4,4.0175
欣,8,2.615
欽,12,2.3066666666666666
琴,12,4.85
禁,13,2.283333333333333
禽,13,3.7466666666666666
筋,12,3.835
緊,15,3.252
芹,7,4.77
菌,11,4.206666666666667
衿,9,4.733333333333333
襟,18,4.733333333333333
謹,17,1.7933333333333332
近,7,2.085
金,8,4.81
吟,7,4.03
銀,14,4.52
九,2,4.04
倶,10,2.6966666666666668
句,5,3.5149999999999997
区,4,3.44
狗,8,4.8149999999999995
玖,7,3.1
矩,10,4.66
苦,8,2.655
躯,11,4.8933333333333335
駆,14,3.33
駈,15,3.683333333333333
駒,15,4.953333333333333
具,8,3.67
愚,13,1.69
虞,13,1.9633333333333334
喰,12,3.9633333333333334
空,8,3.644
偶,11,3.172
寓,12,1.9766666666666668
遇,12,3.06
隅,12,4.49
串,7,4.585
櫛,17,5.0
釧,11,4.96
屑,10,3.865
屈,8,3.27
窟,13,4.57
沓,8,5.0
靴,13,
轡,22,3.27
窪,14,3.4075
熊,14,4.88
隈,12,4.016666666666667
粂,9,2.64
栗,10,4.7
繰,19,3.413333333333333
桑,10,4.48
鍬,17,4.74
勲,15,1.66
君,7,4.0925
薫,16,3.215
訓,10,2.9333333333333336
群,13,4.238333333333333
軍,9,3.908
郡,10,3.665
卦,8,1.46
袈,11,1.46
祁,7,2.89
係,9,2.9025
傾,13,3.1225
刑,6,2.8875
兄,5,3.625
啓,11,2.72
圭,6,4.17
珪,10,4.38
型,9,3.915
契,9,2.373333333333333
形,7,2.98
径,8,3.6166666666666667
恵,10,1.9449999999999998
慶,15,2.315
慧,15,1.97
憩,16,2.9225
掲,11,3.142857142857143
携,13,3.2025
敬,12,1.8275
景,12,3.295
桂,10,4.85
渓,11,4.84
畦,11,4.880000000000001
稽,15,2.045
系,7,3.045
経,11,2.86
継,13,2.966
繋,17,4.01
罫,13,
茎,8,4.0649999999999995
荊,9,4.84
蛍,11,4.9
計,9,3.135
詣,13,3.106666666666667
警,19,2.53
軽,12,2.02
頚,14,4.875
鶏,19,4.8
芸,7,3.1757142857142857
迎,7,2.6766666666666667
鯨,19,4.96
劇,15,2.79
戟,12,4.97
撃,15,3.385
激,16,2.79
隙,13,2.8859999999999997
桁,10,3.75
傑,13,1.945
欠,4,3.2775
決,7,2.35
潔,15,2.008
穴,5,4.505
結,12,3.505714285714286
血,6,4.86
訣,11,2.8133333333333335
月,4,4.550000000000001
件,6,3.5825
倹,10,2.1399999999999997
倦,11,3.625
健,11,2.69
兼,10,2.0225
券,8,4.7
剣,10,4.953333333333333
喧,12,3.075
圏,12,3.9275
堅,12,3.1883333333333335
嫌,13,2.01
建,9,3.71
憲,16,2.9
懸,20,2.935
拳,10,4.93
捲,11,3.4625
権,15,2.19
牽,11,3.935
犬,4,4.85
献,13,3.1525
研,9,3.8833333333333337
硯,12,
絹,13,4.7
県,9,
肩,8,4.93
見,7,2.558
謙,17,1.6933333333333334
賢,16,2.0075
軒,10,4.395
遣,13,2.585
鍵,17,4.89
険,11,2.9259999999999997
顕,18,2.565
験,18,2.56
鹸,19,4.0
元,4,2.236666666666667
原,10,3.5725
厳,17,2.2275
幻,4,2.7325
弦,8,4.2
減,12,2.4716666666666667
源,13,2.495
玄,5,2.67
現,11,2.5366666666666666
絃,11,4.695
舷,11,
言,7,3.0700000000000003
諺,16,2.26
限,9,2.013333333333333
乎,5,3.36
個,10,3.8449999999999998
古,5,2.72
呼,8,3.6666666666666665
固,8,3.6550000000000002
姑,8,
孤,9,3.45
己,3,3.1
庫,10,4.655
弧,9,4.446666666666666
戸,4,4.596666666666667
故,9,1.7033333333333334
枯,9,2.85
湖,12,4.88
狐,9,4.97
糊,15,3.8800000000000003
袴,11,
股,8,4.835
胡,9,3.01
菰,12,4.7
虎,8,4.385
誇,13,1.9675
跨,13,3.33
鈷,13,4.46
雇,12,2.76
顧,21,3.0175
鼓,13,3.38
五,4,3.87
互,4,2.2133333333333334
伍,6,4.26
午,4,3.73
呉,7,3.0166666666666666
吾,7,2.7733333333333334
娯,10,2.4299999999999997
後,9,3.203333333333333
御,12,2.1799999999999997
悟,10,1.898
梧,11,4.3
檎,17,5.0
瑚,13,3.18
碁,13,
語,14,3.0933333333333333
誤,14,2.2800000000000002
護,20,2.535
醐,16,3.89
乞,3,2.8266666666666667
鯉,18,4.62
交,6,2.513333333333333
佼,8,1.915
侯,9,3.04
候,10,3.044
倖,10,1.965
光,6,3.8899999999999997
公,4,2.955
功,5,2.2425
効,8,2.02
勾,4,3.0433333333333334
厚,9,2.59
口,3,4.74
向,6,2.4
喉,12,4.55
坑,7,4.744999999999999
垢,9,4.526666666666667
好,6,2.0433333333333334
孔,4,3.0233333333333334
孝,7,
宏,7,3.215
工,3,3.6
巧,5,1.8199999999999998
巷,9,4.6450000000000005
幸,8,2.5633333333333335
広,5,2.69
庚,8,
康,11,1.97
弘,5,2.5366666666666666
恒,9,1.77
慌,12,2.07
抗,7,2.3975
拘,8,2.742
控,11,3.0300000000000002
攻,7,3.1625
昂,8,4.04
晃,10,3.55
更,7,2.8077777777777775
杭,8,4.17
校,10,3.832
梗,11,3.276666666666667
構,14,3.07
江,6,4.586666666666667
洪,9,3.4
浩,10,2.51
港,12,4.57
溝,13,4.605
甲,5,3.292
皇,9,4.35
硬,12,3.69
稿,15,4.0975
糠,17,4.86
紅,9,3.69
紘,10,3.37
絞,12,3.8033333333333332
綱,14,4.5375
耕,10,3.8666666666666667
考,6,2.045
肯,8,2.1633333333333336
肱,8,3.49
腔,12,4.79
膏,14,4.591666666666667
航,10,3.985
荒,9,3.09
行,6,3.38125
衡,16,3.51
講,17,3.29
貢,10,2.953333333333333
購,17,3.285
郊,9,2.92
酵,14,3.19
鉱,13,4.445
砿,10,4.48
鋼,16,4.87
閤,14,3.22
降,10,3.5100000000000002
項,12,3.672
香,9,4.133333333333334
高,10,3.3166666666666664
鴻,17,2.6016666666666666
剛,10,2.91
劫,7,2.85
号,5,3.4714285714285715
合,6,3.51
壕,17,4.416666666666667
拷,9,3.7800000000000002
濠,17,4.623333333333333
豪,14,2.13
轟,21,3.9366666666666665
麹,15,4.645
克,7,2.013333333333333
刻,8,4.022857142857143
告,7,2.6675
国,8,4.17
穀,14,4.76
酷,14,1.885
鵠,18,4.96
黒,11,3.76
獄,14,4.755
漉,14,3.355
腰,13,4.029999999999999
甑,16,
忽,8,2.374
惚,11,3.0366666666666666
骨,10,4.4075
狛,8,2.23
込,5,3.0525
頃,11,2.373333333333333
今,4,1.48
困,7,2.06
坤,8,3.74
墾,16,3.21
婚,11,2.51
恨,9,2.436
懇,17,1.992
昏,8,3.93
昆,8,4.24
根,10,3.73
梱,11,4.3133333333333335
混,11,3.1866666666666665
痕,11,4.555
紺,11,4.11
艮,6,2.8866666666666667
魂,14,1.73
些,8,1.615
佐,7,3.3150000000000004
叉,3,4.835
唆,10,2.0825
嵯,13,3.2133333333333334
左,5,3.7
差,10,2.5966666666666667
査,9,2.27
沙,7,5.0
瑳,14,2.9066666666666667
砂,9,5.0
詐,12,2.225
鎖,18,3.775
裟,13,
坐,7,4.8
座,10,4.394
挫,10,3.325
債,13,3.3533333333333335
催,13,3.263333333333333
再,6,2.743333333333333
最,12,1.9933333333333332
哉,9,2.15
塞,13,3.5500000000000003
妻,8,3.99
宰,10,3.3549999999999995
彩,11,4.276666666666666
才,3,2.9850000000000003
採,11,3.34
栽,10,4.0649999999999995
歳,13,2.42
済,11,2.3466666666666667
災,7,2.27
采,8,3.3266666666666667
犀,12,
砕,9,3.118
砦,11,3.7649999999999997
祭,11,2.614
斎,11,2.902
細,11,2.79
菜,11,4.223333333333333
裁,12,3.79
載,13,3.61
際,14,2.5966666666666667
剤,10,4.373333333333333
在,6,2.775
材,7,4.27
罪,13,2.2183333333333333
財,10,3.6475
冴,7,2.59
坂,7,4.323333333333333
阪,7,4.07
堺,12,4.36
榊,13,1.77
肴,8,2.26
咲,9,4.13
崎,11,4.74
埼,11,4.74
碕,13,4.74
鷺,24,4.38
作,7,2.8325
削,9,4.2575
咋,8,4.18
搾,13,3.75
昨,9,2.76
朔,10,3.0166666666666666
柵,9,3.896666666666667
窄,10,3.6816666666666666
策,12,3.008
索,10,3.5375
錯,16,2.6666666666666665
桜,10,4.62
鮭,17,4.81
笹,11,4.86
匙,11,4.96
冊,5,3.62
刷,8,4.31
拶,9,2.91
撮,15,3.87
擦,17,4.05
札,5,4.104
殺,10,3.41125
薩,17,2.07
雑,14,2.04
皐,11,4.875
鯖,19,4.89
捌,10,2.651111111111111
錆,16,3.905
鮫,17,4.93
皿,5,3.71
晒,10,3.685
三,3,3.62
傘,12,5.0
参,8,2.73125
山,3,4.96
惨,11,2.3425
撒,15,3.4
散,12,2.9675000000000002
桟,10,4.54
燦,17,2.07
珊,9,4.265000000000001
産,11,3.6016666666666666
算,14,2.842
纂,20,3.17
蚕,10,4.62
讃,22,2.965
賛,15,2.522
酸,14,3.255
餐,16,4.363333333333333
斬,11,3.755
暫,15,2.0725000000000002
残,10,3.3833333333333333
仕,5,3.0375
仔,5,2.9366666666666665
伺,7,2.888333333333333
使,8,3.1957142857142857
刺,8,3.995
司,5,2.92
史,5,2.96
嗣,13,2.77
四,5,3.37
士,3,4.0175
始,8,2.6950000000000003
姉,8,3.59
姿,9,3.3
子,3,4.053333333333334
屍,9,4.89
市,5,4.71
師,10,3.81
志,7,2.425
思,9,2.41
指,9,3.3516666666666666
支,4,3.7
孜,7,1.63
斯,12,1.87
施,9,2.6566666666666667
旨,6,2.83
枝,8,4.615
止,4,3.5300000000000002
死,6,3.4
氏,4,3.4933333333333336
獅,13,4.96
祉,8,2.585
私,7,3.66
糸,6,4.83
紙,10,4.93
紫,12,4.26
肢,8,4.805
脂,10,4.736
至,6,2.8933333333333335
視,11,2.77
詞,12,3.395
詩,13,3.765
試,13,2.758
誌,14,4.41
諮,16,3.04
資,13,3.283333333333333
賜,15,3.523333333333333
雌,14,3.49
飼,13,3.1325
歯,12,4.675
事,8,2.73
似,7,2.418
侍,8,3.9074999999999998
児,7,4.11
字,6,3.6075
寺,6,
慈,13,1.57
持,9,2.93
時,10,3.085
滋,12,2.635
治,8,2.4714285714285715
爾,14,3.2
璽,19,
痔,11,4.19
磁,14,4.665
示,5,3.164
而,6,1.67
耳,6,5.0
自,6,3.48
蒔,13,4.04
辞,13,2.7925
汐,6,3.623333333333333
鹿,11,4.86
式,6,2.715
識,19,2.48
鴫,16,3.37
竺,8,4.86
軸,12,3.918
宍,7,4.9
雫,11,3.8966666666666665
七,2,3.72
叱,5,2.5149999999999997
執,11,3.015
失,5,2.298
嫉,13,1.93
室,9,4.744
悉,11,2.7566666666666664
湿,12,4.09
漆,14,4.04
疾,10,2.5
質,15,2.7800000000000002
実,8,3.5439999999999996
蔀,14,3.8
篠,17,4.86
偲,11,2.1550000000000002
柴,10,4.734999999999999
芝,6,4.515
屡,12,2.19
蕊,15,3.75
縞,16,4.72
舎,8,4.806
写,5,2.6433333333333335
射,10,3.5525
捨,11,2.8449999999999998
赦,11,1.84
斜,11,3.4366666666666665
煮,12,4.26
社,7,3.87
紗,10,4.62
者,8,4.215
謝,17,2.89
車,7,4.89
遮,14,2.88
蛇,11,4.576666666666666
邪,8,1.78
借,10,3.29
勺,3,4.363333333333333
尺,4,3.5166666666666666
杓,7,4.525
灼,7,1.93
爵,17,4.225
酌,10,3.68
釈,11,1.87
錫,16,4.695
若,8,2.1616666666666666
寂,11,2.584
弱,10,2.67
惹,12,2.185
主,5,3.16
取,8,3.18
守,6,2.9699999999999998
手,4,4.72
朱,6,4.12
殊,10,1.4966666666666666
狩,9,3.1466666666666665
珠,10,4.903333333333333
種,14,3.2239999999999998
腫,13,4.345
趣,15,1.98
酒,10,3.75
首,9,4.585
儒,16,
受,8,2.9385714285714286
呪,8,2.8233333333333333
寿,7,2.17
授,11,2.59
樹,16,3.79
綬,14,4.89
需,14,2.16
囚,5,3.8400000000000003
収,4,3.4466666666666668
周,8,3.966666666666667
就,12,2.5283333333333333
州,6,3.31
修,10,2.6625
愁,13,2.1675
拾,9,3.148
洲,9,4.5175
秀,7,2.5025
秋,9,3.27
終,11,3.015
繍,17,3.1950000000000003
習,11,2.2
臭,9,3.04
舟,6,4.9
蒐,13,2.75
衆,12,2.5475
襲,22,3.4139999999999997
讐,23,2.185
蹴,19,4.33
輯,16,2.91
週,11,3.48
酋,9,3.44
酬,13,2.6433333333333335
集,12,3.41
醜,17,2.59
什,4,3.7066666666666666
住,7,3.1475
充,6,3.32
十,2,3.39
従,10,2.58875
戎,6,4.22
柔,9,2.6425
汁,5,4.691666666666666
渋,11,2.4025
獣,16,4.62
縦,16,3.4050000000000002
重,9,3.242857142857143
銃,14,4.9
叔,8,3.76
夙,6,3.1166666666666667
宿,11,3.65125
淑,11,2.256666666666667
祝,9,2.9699999999999998
縮,17,3.514
粛,11,2.53
塾,14,2.715
熟,15,2.515
出,5,3.0283333333333333
術,11,2.8216666666666668
述,8,2.9775
俊,9,2.6
峻,10,3.61
春,9,3.49
瞬,18,3.9433333333333334
竣,12,3.015
舜,13,4.1
駿,17,2.18
准,10,3.41
循,12,2.8049999999999997
旬,6,3.32
楯,13,3.46
殉,10,2.4499999999999997
淳,11,1.87
準,13,2.3200000000000003
潤,15,2.9514285714285715
盾,9,3.46
純,10,2.545
巡,6,3.6566666666666667
遵,15,2.4525
醇,15,1.9400000000000002
順,12,2.7283333333333335
処,5,2.7425
初,7,2.63
所,8,2.46
暑,12,3.353333333333333
曙,17,4.335
渚,11,4.56
庶,11,3.066666666666667
緒,14,3.4014285714285712
署,13,4.609999999999999
書,10,4.22
薯,16,4.85
藷,18,4.85
諸,15,2.615
助,7,2.75
叙,9,2.305
女,3,4.515000000000001
序,7,2.277142857142857
徐,10,2.715
恕,10,1.9966666666666666
鋤,15,4.46
除,10,2.44
傷,13,3.8044444444444445
償,17,2.4266666666666667
匠,6,3.85
升,4,3.52
召,5,3.4766666666666666
哨,10,3.835
商,11,3.06
唱,11,3.9475
嘗,14,2.80125
奨,13,2.27
妾,8,3.36
娼,11,4.28
宵,10,2.8833333333333333
将,10,2.48
小,3,3.4450000000000003
少,4,3.075
尚,8,2.07
庄,6,3.806
床,7,4.6225
廠,15,4.54
彰,14,3.4349999999999996
承,8,2.7760000000000002
抄,7,3.302
招,8,2.715
掌,12,2.912
捷,11,2.9349999999999996
昇,8,4.04
昌,8,3.3166666666666664
昭,9,3.6550000000000002
晶,12,3.98
松,8,4.37
梢,11,4.75
樟,15,
樵,16,4.58
沼,8,4.734
消,10,3.068
渉,11,3.455
湘,12,2.465
焼,12,4.03
焦,12,3.2583333333333333
照,13,3.0275
症,10,3.54
省,9,2.3966666666666665
硝,12,2.96
礁,17,4.21
祥,10,1.884
称,10,2.686
章,11,3.7520000000000002
笑,10,4.21
粧,12,3.55
紹,11,2.4066666666666667
肖,7,2.07
菖,11,4.54
蒋,13,4.7
蕉,15,4.71
衝,15,3.5225
裳,14,4.82
訟,11,2.66
証,12,3.6366666666666667
詔,12,2.52
詳,13,2.7
象,12,3.865
賞,15,3.49
醤,17,1.46
鉦,13,4.83
鍾,17,3.67
鐘,20,4.83
障,14,3.0033333333333334
鞘,16,3.505
上,3,3.58
丈,3,3.13
丞,6,2.56
乗,9,3.625
冗,4,1.6400000000000001
剰,11,2.79
城,9,4.96
場,12,3.24
壌,16,4.456666666666667
嬢,16,4.82
常,11,1.8614285714285714
情,11,2.0524999999999998
擾,18,3.54
条,7,4.185
杖,7,4.615
浄,9,2.875
状,7,2.3825
畳,12,3.535
穣,18,1.64
蒸,13,3.195
譲,20,2.5325
醸,20,3.25
錠,16,4.65
嘱,15,2.4833333333333334
埴,11,4.93
飾,13,3.075
植,12,4.76
殖,12,3.0025
燭,17,3.9050000000000002
織,18,4.415
職,18,3.6933333333333334
色,6,4.08
触,13,3.1414285714285715
食,9,4.62
蝕,14,3.01
辱,10,2.15
尻,5,4.39
伸,7,3.198
信,9,1.875
侵,9,2.666
唇,10,
娠,10,3.155
寝,13,3.508
審,15,3.3333333333333335
心,4,3.2849999999999997
慎,13,1.87
振,10,4.26
新,13,2.81
晋,10,2.57
森,12,4.8149999999999995
榛,14,4.6
浸,10,4.108333333333333
深,11,2.6625
申,5,3.4566666666666666
疹,10,4.07
真,10,1.71
神,9,2.18
秦,10,3.5
紳,11,2.605
臣,7,3.5700000000000003
芯,7,4.69
薪,16,4.33
親,16,3.078
診,12,2.935
身,7,4.255
辛,7,3.3075
進,11,2.375
針,10,4.6225
震,15,3.806
人,2,4.72
仁,4,2.8716666666666666
刃,3,4.7
塵,14,4.596666666666667
壬,4,
尋,12,2.4699999999999998
甚,9,1.675
尽,6,3.1799999999999997
腎,13,4.96
訊,10,2.7399999999999998
迅,6,3.1799999999999997
陣,10,3.084
靭,12,3.763333333333333
笥,11,4.535
諏,15,3.04
須,12,1.4466666666666668
酢,12,3.8875
図,7,3.3379999999999996
厨,12,4.97
逗,10,3.68
吹,7,3.894
垂,8,3.42
帥,9,3.84
推,11,2.4316666666666666
水,4,5.0
炊,8,4.26
睡,13,3.376666666666667
粋,10,2.4628571428571426
翠,14,4.390000000000001
衰,10,2.5566666666666666
遂,12,2.19
酔,11,2.415
錐,16,4.5075
錘,16,4.0975
随,12,2.1622222222222223
瑞,13,2.44
髄,19,3.0700000000000003
崇,11,2.175
嵩,13,2.8049999999999997
数,13,2.59
枢,8,4.2375
趨,17,3.0875
雛,18,4.953333333333333
据,11,3.7316666666666665
杉,7,4.83
椙,12,
菅,11,
頗,14,1.975
雀,11,4.85
裾,13,4.6466666666666665
摺,14,4.21
寸,3,2.7525
世,5,2.8575
瀬,19,3.2666666666666666
畝,10,4.376666666666667
是,9,2.145
凄,10,1.9475
制,8,2.6933333333333334
勢,13,3.2666666666666666
姓,8,2.79
征,8,2.91
性,8,3.4499999999999997
成,6,2.6883333333333335
政,9,2.77
整,16,3.776
星,9,4.3075
晴,12,3.55
棲,12,3.0949999999999998
栖,10,4.795
正,5,1.8233333333333333
清,11,2.575
牲,9,3.715
生,5,3.06
盛,11,3.02
精,14,2.7911111111111113
聖,13,3.412
声,7,4.13
製,14,2.795
西,6,3.44
誠,13,2.124
誓,14,2.493333333333333
請,15,2.783333333333333
逝,10,2.82
醒,16,2.6766666666666667
青,8,3.915
静,14,2.76
斉,8,2.466666666666667
税,12,3.04
脆,10,2.4619999999999997
隻,10,4.38
席,10,3.9025
惜,11,1.8900000000000001
戚,11,2.41
斥,5,2.815
昔,8,2.5300000000000002
析,8,3.55
石,5,4.72
積,16,3.6657142857142855
籍,20,2.815
績,17,1.92
脊,10,3.09
責,11,2.1533333333333333
赤,7,4.24
跡,13,3.5366666666666666
蹟,18,3.915
碩,14,2.4033333333333333
切,4,3.34
拙,8,2.365
接,11,3.6475
摂,13,2.558
折,7,3.56
設,11,2.83
窃,9,2.78
節,13,3.1566666666666667
説,14,1.855
雪,11,4.85
絶,12,2.707777777777778
舌,6,4.516666666666667
蝉,15,
仙,5,4.303333333333334
先,6,2.294
千,3,3.08
占,5,2.7457142857142856
宣,9,2.75
専,9,2.0725
尖,6,2.6166666666666667
川,3,4.76
戦,13,3.9233333333333333
扇,10,4.3
撰,15,3.17
栓,10,4.75
栴,10,4.12
泉,9,4.33
浅,9,2.294
洗,9,3.4499999999999997
染,9,4.442
潜,15,3.118
煎,13,3.995
煽,14,3.275
旋,11,3.235
穿,10,3.74
箭,15,4.97
線,15,4.404999999999999
羨,13,1.8466666666666667
腺,13,4.14
舛,6,4.3
船,11,4.9
薦,16,2.6879999999999997
詮,13,2.7533333333333334
賎,13,2.33
践,13,3.59
選,15,2.2825
遷,15,2.776666666666667
銭,14,4.715
銑,14,5.0
閃,10,3.67
鮮,17,2.4074999999999998
前,9,2.48
善,12,1.5666666666666667
漸,14,2.1550000000000002
然,12,2.456
全,6,2.406
禅,13,3.67
繕,18,3.368333333333333
膳,16,3.9800000000000004
糎,15,4.13
噌,14,2.59
塑,13,4.46
岨,8,1.46
措,11,2.8033333333333332
曾,12,1.934
曽,11,1.934
楚,13,4.775
狙,8,3.63
疏,12,2.98
疎,12,2.7183333333333333
礎,18,3.89
祖,9,3.646666666666667
租,10,3.506666666666667
粗,11,3.276666666666667
素,10,2.9575
組,11,2.894285714285714
蘇,19,1.85
訴,12,2.445
阻,8,2.5816666666666666
遡,13,2.985
鼠,13,4.656666666666666
僧,13,4.35
創,12,3.1833333333333336
双,4,3.365
叢,18,4.13
倉,10,4.33
喪,12,2.355
壮,6,2.29
奏,9,3.2133333333333334
爽,11,3.02
宋,7,2.62
層,14,3.4725
匝,5,3.15
惣,12,2.27
想,13,1.85
捜,10,2.9766666666666666
掃,11,4.13
挿,10,3.02
掻,11,4.608
操,16,2.78
早,6,2.785
曹,11,3.7075
巣,11,4.795
槍,14,4.656666666666667
槽,15,4.676666666666667
漕,14,4.2
燥,17,3.56
争,6,2.5733333333333333
痩,12,2.38
相,9,2.58
窓,11,4.36
糟,17,4.01
総,14,2.706
綜,14,2.395
聡,14,2.645
草,9,4.45
荘,9,3.2583333333333333
葬,12,4.115
蒼,13,3.775
藻,19,4.59
装,12,3.564
走,7,4.31
送,9,3.5
遭,14,3.0566666666666666
鎗,18,4.656666666666667
霜,17,4.56
騒,18,2.614
像,14,4.366
増,14,2.584
憎,14,2.165
蔵,15,2.914
贈,18,3.005
造,10,3.2425
促,9,2.744
側,11,2.75
則,9,2.956
即,7,2.04
息,10,3.215
捉,10,3.66
束,7,3.1016666666666666
測,12,2.8674999999999997
足,7,3.9375
速,10,3.105
俗,9,2.134
属,12,2.4166666666666665
賊,13,3.8775
族,11,4.1850000000000005
続,13,2.7133333333333334
卒,8,3.395
袖,10,3.865
其,8,1.54
揃,12,2.93
存,6,1.886
孫,10,4.26
尊,12,1.978
損,13,2.888
村,7,4.765
遜,13,1.97
他,5,2.0533333333333332
多,6,2.1033333333333335
太,4,3.8866666666666667
汰,7,3.3433333333333333
詑,12,1.895
唾,11,4.89
堕,12,2.69
妥,7,2.1066666666666665
惰,12,2.44
打,5,4.338
柁,9,4.486666666666666
舵,11,4.486666666666666
楕,13,4.0
陀,8,3.76
駄,14,2.945
騨,19,
体,7,3.556
堆,11,3.45
対,7,2.3040000000000003
耐,9,2.14
岱,8,2.72
帯,10,3.9575
待,9,2.285
怠,9,2.235
態,14,2.8899999999999997
戴,17,2.703333333333333
替,12,3.013333333333333
泰,10,2.1157142857142857
滞,13,2.506666666666667
胎,9,4.54
腿,13,4.890000000000001
苔,8,4.9
袋,11,4.746666666666667
貸,12,3.07
退,9,2.815714285714286
逮,11,3.15
隊,12,3.9125
黛,16,3.59
鯛,19,4.515000000000001
代,5,3.111428571428571
台,5,3.37
大,3,3.515
第,11,4.34
醍,16,3.175
題,18,2.865
鷹,24,4.93
滝,13,4.365
瀧,19,4.365
卓,8,3.815
啄,10,3.99
宅,6,3.568
托,6,2.2199999999999998
択,7,2.2825
拓,8,3.4899999999999998
沢,7,3.495
濯,17,4.38
琢,11,4.23
託,10,2.1466666666666665
鐸,21,3.37
濁,16,2.3725
諾,15,2.3133333333333335
茸,9,4.83
凧,5,5.0
蛸,13,5.0
只,5,2.4833333333333334
但,7,1.915
達,12,2.7
辰,7,4.43
奪,14,3.0166666666666666
脱,11,2.9333333333333336
巽,12,3.8
竪,14,3.6666666666666665
辿,6,3.045
棚,12,4.546
谷,7,4.72
狸,10,4.67
鱈,22,4.71
樽,16,4.805
誰,15,3.08
丹,4,3.4833333333333334
単,9,2.5700000000000003
嘆,13,3.132
坦,8,2.96
担,8,3.8725
探,11,3.2466666666666666
旦,5,4.036666666666667
歎,14,2.505
淡,11,3.4175
湛,12,3.145
炭,9,4.755
短,12,2.704
端,14,3.454285714285714
箪,15,4.86
綻,14,3.162
耽,10,2.285
胆,9,3.0025
蛋,11,4.245
誕,15,2.6025
鍛,17,3.69
団,6,3.21
壇,16,4.733333333333333
弾,12,3.965
断,11,2.56375
暖,13,3.39
檀,17,4.875
段,9,4.13
男,7,4.45
談,15,3.62
値,10,2.5833333333333335
知,8,1.605
地,6,4.785
弛,6,2.6799999999999997
恥,10,1.98
智,12,1.94
池,6,4.806666666666667
痴,13,1.795
稚,13,2.755
置,13,3.01375
致,10,2.392857142857143
蜘,14,4.97
遅,12,3.0025
馳,13,3.92
築,16,3.0566666666666666
畜,10,3.635
竹,6,4.86
筑,12,1.46
蓄,13,3.4775
逐,10,2.8083333333333336
秩,10,2.8133333333333335
窒,11,3.55
茶,9,4.69
嫡,14,1.89
着,12,3.6666666666666665
中,4,3.342
仲,6,2.8
宙,8,3.416
忠,8,1.72
抽,8,3.42
昼,9,3.4899999999999998
柱,9,4.135
注,8,3.53
虫,6,4.15
衷,9,3.2424999999999997
註,12,3.145
酎,10,2.74
鋳,15,3.79
駐,15,3.6100000000000003
樗,15,
瀦,18,4.72
猪,11,4.8
苧,8,4.85
著,11,2.7175
貯,12,3.532
丁,2,4.12
兆,6,3.3433333333333333
凋,10,2.97
喋,12,3.686666666666667
寵,19,2.11
帳,11,4.492857142857143
庁,5,2.88
弔,4,3.0
張,11,3.488
彫,11,4.1066666666666665
徴,14,3.184285714285714
懲,18,2.4825
挑,9,2.283333333333333
暢,14,3.62
朝,12,3.0175
潮,15,3.623333333333333
牒,13,3.54
町,7,4.6899999999999995
眺,11,3.346
聴,17,2.3775
脹,12,3.5025
腸,13,4.306666666666667
蝶,15,4.93
調,15,3.37
諜,16,4.14
超,12,1.93
跳,13,3.8555555555555556
銚,14,2.74
長,8,3.0175
頂,11,3.74
鳥,11,4.9
勅,9,2.52
捗,10,2.67
直,8,2.562
朕,10,2.2800000000000002
沈,7,2.675
珍,9,1.8566666666666667
賃,13,3.585
鎮,18,2.725
陳,11,2.7475
津,9,4.2975
墜,15,3.915
椎,12,4.904999999999999
槌,13,4.85
追,9,2.94
鎚,17,4.85
痛,12,3.7600000000000002
通,10,3.868
塚,12,4.63
栂,9,4.88
掴,11,3.755
槻,15,
佃,7,2.65
漬,14,3.8166666666666664
柘,9,2.41
辻,5,4.193333333333333
蔦,14,4.68
綴,14,3.4425
鍔,17,4.84
椿,13,
潰,15,3.6174999999999997
坪,8,
壷,11,4.793333333333333
嬬,17,3.505
紬,11,
爪,4,4.8533333333333335
吊,6,3.35
釣,11,3.334
鶴,21,4.699999999999999
亭,9,4.595714285714285
低,7,2.6999999999999997
停,11,3.285
偵,11,4.14
剃,9,4.23
貞,9,2.2725
呈,7,3.136
堤,12,4.463333333333334
定,8,2.245
帝,9,2.1525
底,8,3.57
庭,10,4.706666666666667
廷,7,2.7
弟,7,2.495
悌,10,3.32
抵,8,3.4466666666666668
挺,10,3.05
提,12,3.0966666666666667
梯,11,3.9366666666666665
汀,5,4.785
碇,13,4.77
禎,13,2.075
程,12,2.8383333333333334
締,15,4.062
艇,13,4.015
訂,9,2.28
諦,16,2.3325
蹄,16,4.89
逓,10,3.1166666666666667
鄭,15,1.46
釘,10,4.786666666666666
鼎,13,3.62
泥,8,3.1100000000000003
摘,14,3.74
擢,17,2.8325
敵,15,3.1033333333333335
滴,14,4.175
的,8,3.6025
笛,11,4.816666666666666
適,14,1.99
鏑,19,4.7
溺,13,3.245
哲,10,2.8449999999999998
徹,15,3.93
撤,15,3.075
轍,19,4.25
迭,8,3.02
鉄,13,4.59
典,8,2.9274999999999998
填,13,3.32
天,4,3.18
展,10,3.455
店,8,4.404999999999999
添,11,3.19875
纏,21,3.826
甜,11,4.0
貼,12,3.8466666666666667
転,11,3.256666666666667
顛,19,3.08
点,9,4.112
伝,6,3.22375
殿,13,4.34
澱,16,3.775
田,5,4.86
電,13,3.9
兎,8,4.904999999999999
吐,6,3.814
堵,11,4.55
塗,13,4.2525
妬,8,1.93
屠,11,3.81
徒,10,2.82375
斗,4,3.0650000000000004
杜,7,4.8149999999999995
渡,12,3.73625
登,12,3.3850000000000002
菟,11,
賭,15,3.066666666666667
途,10,3.6566666666666667
都,11,3.1399999999999997
鍍,17,3.83
砥,10,4.58
砺,10,4.455
努,7,1.8966666666666667
度,9,2.6919999999999997
土,3,4.8133333333333335
奴,5,4.1125
怒,9,2.19
倒,10,3.596
党,10,3.14
冬,5,3.84
凍,10,3.933333333333333
刀,2,4.68
唐,10,2.5
塔,12,4.723333333333334
塘,13,4.305
套,10,3.33
宕,8,4.96
島,10,4.96
嶋,14,4.96
悼,11,2.08
投,7,3.2144444444444447
搭,12,3.9833333333333334
東,8,3.04
桃,10,4.9
梼,11,2.97
棟,12,4.48
盗,11,3.5033333333333334
淘,11,2.48
湯,12,4.489999999999999
涛,10,
灯,6,3.7024999999999997
燈,16,4.45
当,6,3.27
痘,12,3.995
祷,11,3.21
等,12,2.5140000000000002
答,12,2.75
筒,12,4.802
糖,16,4.87
統,12,2.2725
到,8,2.87
蕩,15,2.9050000000000002
藤,18,
討,10,3.066
謄,17,3.9
豆,7,4.65
踏,15,3.252
逃,9,3.2725
透,10,3.4
鐙,20,4.9
陶,11,4.675
頭,16,4.46
騰,20,3.2775
闘,18,3.915
働,13,3.48
動,11,3.1766666666666667
同,6,2.5033333333333334
堂,11,3.62
導,15,3.015
憧,15,2.17
撞,15,3.75
洞,9,4.253333333333334
瞳,17,4.55
童,12,4.045
胴,10,4.355
萄,11,3.705
道,12,3.2239999999999998
銅,14,4.52
峠,9,4.325
鴇,15,3.11
匿,10,4.17
得,11,2.841111111111111
徳,14,1.7349999999999999
涜,10,3.08
特,10,1.76
督,13,3.022
禿,7,3.054
篤,16,2.094
毒,8,3.564285714285714
独,9,2.78
読,14,3.56
栃,9,5.0
橡,16,5.0
凸,5,3.743333333333333
突,8,3.4466666666666668
椴,13,4.58
届,8,3.276666666666667
鳶,14,4.45
苫,8,2.9
寅,11,4.03
酉,7,3.774
瀞,17,3.3966666666666665
噸,16,
屯,4,4.4366666666666665
惇,11,1.9333333333333333
敦,12,2.6799999999999997
沌,7,2.32
豚,11,4.895
遁,12,3.2725
頓,13,2.7816666666666667
呑,7,4.76
曇,16,4.27
鈍,12,2.64
奈,8,
那,7,
内,4,3.4483333333333333
乍,5,1.8083333333333333
凪,6,2.575
薙,16,4.32
謎,16,3.174
灘,21,3.21
捺,11,3.8025
鍋,17,4.806666666666667
楢,13,4.82
馴,13,1.94
縄,15,4.699999999999999
畷,13,4.86
南,9,3.84
楠,13,
軟,11,3.88
難,18,2.372
汝,6,3.1500000000000004
二,2,4.18
尼,5,4.92
弐,6,3.7399999999999998
迩,8,2.91
匂,4,3.1225
賑,14,1.8633333333333333
肉,6,4.9
虹,9,4.57
廿,4,3.67
日,4,4.306666666666667
乳,8,4.96
入,2,2.8449999999999998
尿,7,4.93
韮,12,4.92
任,6,2.162
妊,7,4.31
忍,7,3.367142857142857
認,14,2.3183333333333334
濡,17,2.953333333333333
禰,18,1.96
祢,9,1.96
寧,14,2.182
葱,12,4.72
猫,11,4.86
熱,15,3.098
年,6,3.71
念,8,1.9485714285714286
捻,11,3.6866666666666665
撚,15,3.4133333333333336
燃,16,4.013333333333334
粘,11,2.8775
乃,2,1.825
廼,9,2.915
之,3,1.905
埜,11,3.7533333333333334
嚢,18,4.766666666666667
悩,10,2.8
濃,16,3.5
納,10,3.4466666666666668
能,10,2.3175
脳,11,3.535
膿,17,3.833333333333333
農,13,3.67
覗,12,3.236666666666667
蚤,10,4.89
巴,4,
把,7,3.7175
播,15,4.4
覇,19,2.716666666666667
杷,8,2.07
波,8,
派,9,3.6416666666666666
琶,12,
破,10,3.2185714285714284
婆,11,3.9066666666666667
罵,15,2.75
芭,7,5.0
馬,10,5.0
俳,10,4.075
廃,12,2.276666666666667
拝,8,2.723333333333333
排,11,2.865
敗,11,2.5566666666666666
杯,8,4.6775
盃,9,4.91
牌,12,4.4725
背,9,3.06125
肺,9,
輩,15,4.0600000000000005
配,10,2.8275
倍,10,3.125
培,11,2.725
媒,12,3.26
梅,10,4.85
楳,13,4.85
煤,13,4.785
狽,10,3.3200000000000003
買,12,3.35
売,7,3.35
賠,15,2.395
陪,11,3.1666666666666665
這,10,3.7775
蝿,15,4.64
秤,10,4.6899999999999995
矧,9,4.9
萩,12,4.9
伯,7,3.5875
剥,10,3.2875
博,12,2.366
拍,8,4.065
柏,9,4.79
泊,8,2.94
白,5,3.89
箔,14,4.48
粕,11,3.6950000000000003
舶,11,4.535
薄,16,3.24
迫,8,2.8475
曝,19,3.685
漠,13,2.8675
爆,19,4.03
縛,16,3.7249999999999996
莫,10,2.1466666666666665
駁,14,2.075
麦,7,4.74
箱,15,4.622
硲,12,4.226666666666667
箸,15,5.0
肇,14,2.5
筈,12,2.33
櫨,20,4.97
幡,15,4.79
肌,6,4.5525
畑,9,4.526666666666666
畠,10,4.526666666666666
八,2,4.04
鉢,13,4.8375
溌,12,2.813333333333333
発,9,3.2328571428571427
醗,16,3.13
髪,14,4.97
伐,6,3.4975
罰,14,2.66
抜,7,3.3457142857142856
筏,12,5.0
閥,14,2.986
鳩,13,4.795
噺,16,4.07
塙,13,2.2
蛤,12,4.89
隼,10,4.9
伴,7,3.01
判,7,4.586666666666667
半,5,2.8866666666666667
反,4,
叛,9,2.686
帆,6,4.59
搬,13,3.92
斑,12,4.246666666666667
板,8,4.745
氾,5,3.37
汎,6,
版,8,3.6679999999999997
犯,5,2.3033333333333332
班,10,3.7425
畔,10,
繁,16,2.6333333333333333
般,10,2.9233333333333333
藩,18,3.75
販,11,2.92
範,15,3.8266666666666667
釆,7,3.203333333333333
煩,13,2.4587499999999998
頒,13,2.74
飯,12,4.255
挽,10,3.9566666666666666
晩,12,4.154999999999999
番,12,3.37
盤,15,4.486666666666666
磐,15,4.826666666666667
蕃,15,3.03
蛮,12,3.52
匪,10,2.0149999999999997
卑,9,2.42
否,7,2.52
妃,6,4.585
庇,7,3.9985714285714287
彼,8,2.3
悲,12,2.3025
扉,12,3.62
批,7,3.0700000000000003
披,8,3.335
斐,12,2.84
比,4,2.8866666666666667
泌,8,3.894
疲,10,3.6233333333333335
皮,5,4.342
碑,14,4.645
秘,10,2.69
緋,14,4.390000000000001
罷,15,2.992
肥,8,3.4739999999999998
被,10,3.2800000000000002
誹,15,2.2
費,12,2.93
避,16,2.732
非,8,1.72
飛,9,4.086666666666667
樋,14,4.476666666666667
簸,19,4.71
備,12,2.546666666666667
尾,7,3.7575
微,13,1.9866666666666666
枇,8,4.96
毘,9,2.54
琵,12,
眉,9,4.85
美,9,2.545
柊,9,4.5
稗,14,1.73
匹,4,3.91
疋,5,4.46
髭,16,4.93
彦,9,4.52
膝,15,4.555
菱,11,4.945
肘,7,4.98
弼,12,2.56
必,5,1.7133333333333334
畢,11,2.16
筆,12,4.145
逼,12,2.8475
桧,10,
姫,10,4.72
媛,12,3.44
紐,10,4.742857142857143
百,6,3.2
謬,18,1.97
俵,10,4.5525
彪,11,3.2800000000000002
標,15,4.035555555555556
氷,5,4.38
漂,14,3.5700000000000003
瓢,17,4.86
票,11,4.6275
表,8,4.5
評,12,2.4033333333333333
豹,10,4.965
廟,15,4.423333333333334
描,11,4.074
病,10,3.09
秒,9,3.3
苗,8,4.35
錨,16,4.77
鋲,15,4.653333333333333
蒜,13,4.89
蛭,12,4.33
鰭,21,4.76
品,9,3.366
彬,11,2.285
斌,12,2.31
浜,10,4.5633333333333335
瀕,20,3.1966666666666668
貧,11,2.62
賓,15,3.83
頻,17,2.49
敏,10,2.3233333333333333
瓶,11,4.701666666666666
不,4,2.3675
付,5,2.6
埠,11,4.6
夫,4,4.45
婦,11,4.3875
富,12,2.486666666666667
冨,11,2.52
布,5,4.0375
府,8,3.8125
怖,8,2.0933333333333333
扶,7,2.7266666666666666
敷,15,4.17
斧,8,4.915
普,12,1.76
浮,10,4.0
父,4,4.52
符,11,3.792
腐,14,3.6633333333333336
膚,15,4.062
芙,7,4.35
譜,19,4.045
負,9,2.6366666666666667
賦,15,3.138
赴,9,2.1174999999999997
阜,8,4.42
附,8,2.5933333333333333
侮,8,2.3
撫,15,4.023333333333333
武,8,3.755
舞,15,4.54
葡,12,2.41
蕪,15,4.79
部,11,3.7528571428571427
封,9,4.63
楓,13,4.46
風,9,3.0825
葺,12,4.390000000000001
蕗,16,4.08
伏,6,4.1450000000000005
副,11,3.755
復,12,2.94
幅,12,3.835
服,8,3.3125
腹,13,4.796666666666667
複,14,3.28
覆,18,3.52
淵,12,3.03
弗,5,4.93
払,5,3.558
沸,8,3.072
仏,4,1.43
物,8,3.4566666666666666
鮒,16,4.62
分,4,2.73
吻,7,
噴,15,3.8275
墳,15,4.68
憤,15,2.2233333333333336
扮,7,3.9025
焚,12,4.016
奮,16,1.975
粉,10,4.71
糞,17,4.573333333333333
紛,10,2.5475
雰,12,3.85
文,4,3.394285714285714
聞,14,3.216666666666667
丙,5,3.44
併,8,2.585
兵,7,3.3985714285714286
塀,12,4.84
幣,15,3.655
平,5,2.8266666666666667
弊,15,2.635
柄,9,3.8744444444444444
並,8,2.7475
蔽,15,3.52
閉,11,3.375
陛,10,3.415
米,6,4.86
頁,9,4.95
僻,15,2.19
壁,16,4.696666666666667
癖,18,2.715
碧,14,3.915
別,7,3.1642857142857146
瞥,17,3.48
蔑,14,2.1675
箆,14,4.965
偏,11,2.5033333333333334
変,9,2.3200000000000003
片,4,4.965
篇,15,3.476
編,15,3.66
辺,5,3.2333333333333334
返,7,2.715
遍,12,1.9825
便,9,3.558333333333333
勉,10,2.296
娩,11,4.88
弁,5,3.46
鞭,18,4.426666666666667
保,9,2.46
舗,15,4.28
鋪,15,4.404999999999999
圃,10,4.495
捕,10,3.66
歩,8,4.12
甫,7,1.855
補,12,3.1314285714285712
輔,14,2.56
穂,15,4.8175
募,12,2.9939999999999998
墓,13,4.645
慕,14,2.0949999999999998
戊,5,
暮,14,3.07
母,5,4.6
簿,19,4.01
菩,11,1.92
倣,10,2.515
俸,10,3.575
包,5,3.8400000000000003
呆,7,2.0949999999999998
報,12,3.185
奉,8,2.69
宝,8,3.34
峰,10,4.205
峯,10,4.205
崩,11,3.3575
庖,8,4.97
抱,8,3.7333333333333334
捧,11,2.7016666666666667
放,8,3.317142857142857
方,4,3.3233333333333333
朋,8,3.41
泡,8,4.526666666666666
烹,11,4.26
砲,10,4.8100000000000005
縫,16,4.156666666666666
胞,9,4.635
芳,7,3.2824999999999998
萌,11,4.415
蓬,13,4.54
蜂,13,4.933333333333334
褒,15,2.61
訪,11,3.2775
豊,13,2.3233333333333333
邦,7,4.140000000000001
鋒,15,4.453333333333333
飽,13,2.565
鳳,14,4.45
鵬,19,4.3
乏,4,2.1733333333333333
亡,3,2.9450000000000003
傍,12,2.9916666666666667
剖,10,2.86
坊,7,4.765
妨,7,3.0125
帽,12,4.71
忘,7,2.04
忙,6,2.435
房,8,4.1625
暴,15,2.7785714285714285
望,11,1.95
某,9,2.3233333333333333
棒,12,4.471666666666667
冒,9,2.598333333333333
紡,10,3.83
肪,8,4.109999999999999
膨,16,3.23
謀,16,2.3125
貌,14,2.8499999999999996
貿,12,2.91
鉾,14,4.65
防,7,2.885
吠,7,4.116666666666666
頬,15,4.87
北,5,4.14
僕,14,4.155
卜,2,1.925
墨,14,4.16
撲,15,3.9116666666666666
朴,6,2.0125
牧,8,3.7600000000000002
睦,13,2.143333333333333
穆,16,2.276666666666667
釦,11,4.96
勃,9,3.0949999999999998
没,7,3.6416666666666666
殆,9,1.6066666666666667
堀,11,4.623333333333333
幌,13,4.7075
奔,8,3.425
本,5,3.0142857142857142
翻,18,3.65
凡,3,1.87
盆,9,4.79
摩,15,4.0200000000000005
磨,16,3.596
魔,21,3.1399999999999997
麻,11,3.9749999999999996
埋,10,2.835
妹,8,2.79
昧,9,3.065
枚,8,4.55
毎,6,2.28
哩,10,3.63
槙,14,3.725
幕,13,3.7600000000000002
膜,14,3.97
枕,8,5.0
鮪,17,4.89
柾,9,3.84
鱒,23,4.81
桝,11,3.52
亦,6,1.915
俣,9,4.622
又,2,2.19
抹,8,4.303333333333334
末,5,3.542
沫,8,4.390000000000001
迄,6,2.0100000000000002
侭,8,1.275
繭,18,4.83
麿,18,4.0200000000000005
万,3,3.39
慢,14,2.1399999999999997
満,12,2.385
蔓,14,2.8642857142857143
味,8,3.81
未,5,3.314
魅,15,2.253333333333333
巳,3,4.225
箕,14,
岬,8,4.74
密,11,2.0324999999999998
蜜,14,4.783333333333333
湊,12,4.49
蓑,13,4.77
稔,13,3.6550000000000002
脈,10,3.356666666666667
妙,7,2.065
粍,10,4.38
民,5,4.220000000000001
眠,10,3.4266666666666667
務,11,2.84
夢,13,2.8233333333333333
無,12,2.21
牟,6,3.9749999999999996
矛,5,4.65
霧,19,4.585
鵡,19,4.73
椋,12,3.705
婿,12,4.39
娘,10,4.82
冥,10,4.29
名,6,2.6075
命,8,2.215
明,8,4.0649999999999995
盟,13,2.645
迷,9,2.5
銘,14,4.29
鳴,14,4.17
姪,9,4.28
牝,6,4.57
滅,13,2.81
免,8,2.145
棉,12,4.97
綿,14,4.97
緬,15,2.61
面,9,4.696666666666666
麺,16,4.925
摸,13,3.1866666666666665
模,14,3.0533333333333332
茂,8,2.7199999999999998
妄,6,2.0825
孟,8,3.38
毛,4,4.5200000000000005
猛,11,2.6483333333333334
盲,8,3.4533333333333336
網,14,3.795
耗,10,2.68
蒙,13,2.4233333333333333
儲,17,2.39
木,4,4.925
黙,15,2.77
目,5,2.8042857142857143
杢,7,4.36
勿,4,2.13
餅,14,
尤,4,1.715
戻,7,2.982
籾,9,
貰,12,2.52
問,11,2.8533333333333335
悶,12,2.2
紋,10,4.23
門,8,4.5649999999999995
匁,4,
也,3,1.55
冶,7,3.665
夜,8,3.8899999999999997
爺,13,2.72
耶,9,3.36
野,11,3.736666666666667
弥,8,2.135
矢,5,4.9350000000000005
厄,4,2.1525
役,7,3.025
約,9,2.7266666666666666
薬,16,3.98
訳,11,2.58
躍,21,4.083333333333334
靖,13,2.27
柳,9,4.35
薮,16,4.59
鑓,21,4.95
愉,12,2.256666666666667
愈,13,2.1066666666666665
油,8,4.725
癒,18,2.6075
輸,16,2.6833333333333336
唯,11,1.8525
佑,7,2.54
優,17,2.6233333333333335
勇,9,2.154
友,4,3.07
宥,9,2.336666666666667
幽,9,2.9266666666666667
悠,11,2.45
憂,15,2.1866666666666665
揖,12,3.666666666666667
有,6,2.156
柚,9,
湧,12,3.072
涌,10,3.072
猶,12,2.15
猷,13,2.8225
由,5,1.4449999999999998
祐,9,2.56
裕,12,2.86
誘,14,2.7275
遊,12,3.24
邑,7,3.6766666666666667
郵,11,4.8100000000000005
雄,12,2.9583333333333335
融,16,3.5549999999999997
夕,3,3.26
予,4,2.8475
余,7,2.63
与,3,2.7644444444444445
誉,13,1.845
輿,17,2.0
預,13,2.91
傭,13,2.76
幼,5,2.865
妖,7,2.296666666666667
容,10,2.856666666666667
庸,11,2.43
揚,12,3.63
揺,12,4.121666666666667
擁,16,3.416
曜,18,3.18
楊,13,4.35
様,14,1.96
洋,9,4.05
溶,13,3.6366666666666667
熔,14,4.255
用,5,2.528
窯,15,4.826666666666667
羊,6,4.9
耀,20,3.5375
葉,12,4.625555555555556
蓉,13,4.35
要,9,2.874
謡,16,4.226666666666667
踊,14,4.1925
遥,12,2.88
陽,12,3.444
養,15,2.512
慾,15,1.9
抑,7,3.38125
欲,11,1.948
沃,7,2.59
浴,10,3.0233333333333334
翌,11,1.995
翼,17,4.593333333333334
淀,11,4.77
羅,19,3.73
螺,17,3.385
裸,13,3.71
来,7,2.492
莱,10,
頼,16,2.315
雷,13,4.465
洛,9,1.43
絡,12,3.1166666666666667
落,12,3.888
酪,13,4.6625
乱,7,3.555
卵,7,4.416666666666666
嵐,12,3.935
欄,20,3.965
濫,18,3.216666666666667
藍,18,4.36
蘭,19,4.92
覧,17,3.21
利,7,2.44
吏,6,3.13
履,15,3.564
李,7,4.85
梨,11,4.93
理,11,1.8719999999999999
璃,15,3.71
裏,13,3.718888888888889
裡,12,3.6885714285714286
里,7,4.175
離,19,2.705
陸,11,4.0
律,9,2.714
率,11,3.025714285714286
立,5,3.8375000000000004
葎,12,3.02
掠,11,3.18
略,11,3.0
劉,15,3.6116666666666664
流,10,2.7425
溜,13,2.6466666666666665
琉,11,3.44
留,10,3.485
硫,12,4.23
粒,11,4.1899999999999995
隆,11,2.8375
竜,10,3.455
龍,16,3.455
侶,9,3.45
慮,15,1.88
旅,10,3.69
虜,13,3.2966666666666664
了,2,2.795
亮,9,3.0549999999999997
僚,14,3.36
両,6,3.408
凌,10,2.493333333333333
寮,15,4.505
料,10,3.89
梁,11,4.48
涼,11,2.295
猟,11,4.416666666666667
療,17,2.7199999999999998
瞭,17,3.55
稜,13,3.266
糧,18,4.859999999999999
良,7,2.0533333333333332
諒,15,2.2375
遼,15,2.75
量,12,2.7642857142857142
陵,11,4.0775
領,14,2.4525
力,2,3.075
緑,14,4.07
倫,10,3.0149999999999997
厘,9,
林,8,4.76
淋,11,2.455
燐,17,4.27
琳,12,4.365
臨,18,3.4050000000000002
輪,15,4.328333333333333
隣,16,3.04
鱗,24,4.74
麟,24,3.7600000000000002
瑠,14,
塁,12,4.175
涙,10,1.88
累,11,2.6559999999999997
類,18,2.896
令,5,2.2666666666666666
伶,7,4.57
例,8,2.3525
冷,7,3.4233333333333333
励,7,2.0666666666666664
嶺,17,4.205
怜,8,1.97
玲,9,3.7
礼,5,3.7025
苓,8,4.72
鈴,13,3.9400000000000004
隷,16,3.952
零,13,3.2880000000000003
霊,15,2.6350000000000002
麗,19,2.2733333333333334
齢,17,2.86
暦,14,4.53
歴,14,3.13
列,6,3.87
劣,6,1.8766666666666667
烈,10,2.2266666666666666
裂,12,3.71
廉,13,2.477777777777778
恋,10,2.406
憐,16,1.98
漣,13,
煉,12,3.015
簾,19,4.86
練,14,3.6950000000000003
聯,17,3.6666666666666665
連,10,3.414285714285714
錬,16,3.9625000000000004
呂,7,4.535
魯,15,1.84
櫓,19,4.8
炉,8,4.3925
賂,13,3.44
路,13,4.0525
露,21,3.92
労,7,2.882
婁,11,3.3449999999999998
廊,12,4.716666666666667
弄,7,2.99
朗,10,2.9699999999999998
楼,13,3.9766666666666666
榔,13,
浪,10,2.54
漏,14,3.5633333333333335
牢,7,4.283333333333333
狼,10,4.79
篭,16,3.98
老,6,2.8233333333333333
聾,22,3.2866666666666666
蝋,14,4.97
郎,9,4.154999999999999
六,4,3.43
麓,19,4.9
禄,12,3.2725
肋,6,4.9
録,16,4.15
論,15,2.8600000000000003
倭,10,2.04
和,8,2.216666666666667
話,13,3.6500000000000004
歪,9,3.0575
賄,13,3.7
脇,10,3.088
惑,12,1.9733333333333334
枠,8,4.27
鷲,23,5.0
亙,6,3.5200000000000005
亘,6,3.0500000000000003
鰐,20,4.895
詫,13,2.63
藁,17,4.77
蕨,15,
椀,12,4.61
湾,12,4.323333333333333
碗,13,4.66
腕,12,2.986666666666667
丐,4,3.46
丕,5,2.168
个,3,3.8449999999999998
丱,5,2.87
丶,1,4.345000000000001
丼,5,4.87
丿,1,
乂,2,3.7033333333333336
乖,8,2.4699999999999998
乘,10,3.455
亂,13,3.555
亅,1,4.24
豫,16,2.3
亊,7,2.8233333333333333
舒,12,3.124
弍,5,4.18
于,3,2.265
亞,8,3.0599999999999996
亟,8,2.76
亠,2,4.75
亢,4,3.46
亰,9,4.1
亳,10,1.46
亶,13,1.9633333333333334
从,4,4.18
仍,4,1.51
仄,4,2.256666666666667
仆,4,3.6766666666666667
仂,4,3.2199999999999998
仗,5,4.73
仞,5,2.07
仭,5,2.07
仟,5,3.08
价,6,4.79
伉,6,2.58
佚,7,2.4383333333333335
估,7,3.2666666666666666
佛,7,
佝,7,1.84
佗,7,2.13
佇,7,3.022
佶,8,2.95
侈,8,2.125
侏,8,3.545
侘,8,2.13
佻,8,
佩,8,3.0549999999999997
佰,8,3.545
侑,8,1.93
佯,8,2.1774999999999998
來,8,2.492
侖,8,2.13
儘,16,1.275
俔,9,3.33
俟,9,2.285
俎,9,4.3149999999999995
俘,9,3.03
俛,9,2.325
俑,9,3.79
俚,9,2.955
俐,9,1.79
俤,9,3.8625
俥,9,4.62
倚,10,3.0149999999999997
倨,10,3.015
倔,10,2.18
倪,10,4.1
倥,10,2.36
倅,10,3.28
伜,6,3.28
俶,10,2.0966666666666667
倡,10,4.425000000000001
倩,10,1.9433333333333334
倬,10,2.9366666666666665
俾,10,4.28
俯,10,3.495
們,10,2.59
倆,10,2.17
偃,11,4.88
假,11,2.2125
會,13,3.082
偕,11,2.74
偐,11,2.805
偈,11,3.2125
做,11,2.67
偖,11,2.4050000000000002
偬,11,2.28
偸,11,3.84
傀,12,3.37
傚,12,2.763333333333333
傅,12,4.28
傴,13,4.373333333333333
傲,13,1.85
僊,13,4.29
傳,13,2.816666666666667
僂,13,3.88
僖,14,2.105
僞,14,2.225
僥,14,1.9033333333333333
僭,14,2.34
僣,14,2.34
僮,14,3.9166666666666665
價,15,2.625
僵,15,3.855
儉,15,2.245
儁,14,2.12
儂,15,3.5500000000000003
儖,17,3.23
儕,16,3.75
儔,16,3.105
儚,15,2.2750000000000004
儡,17,2.96
儺,21,2.86
儷,21,3.75
儼,22,2.0525
儻,22,1.815
儿,2,
兀,3,3.0425
兒,8,3.97
兌,7,2.74
兔,8,4.904999999999999
兢,14,1.9849999999999999
竸,22,3.5549999999999997
兩,8,3.51
兪,9,2.1666666666666665
兮,4,2.64
冀,16,1.51
冂,2,
囘,5,3.9
册,5,3.62
冉,5,4.265000000000001
冏,7,3.893333333333333
冑,9,4.92
冓,10,2.6799999999999997
冕,11,4.81
冖,2,
冤,10,2.1799999999999997
冦,10,2.5300000000000002
冢,10,4.63
冩,14,3.895
冪,15,2.5549999999999997
冫,2,
决,6,2.6
冱,6,2.46
冲,6,3.625
冰,6,4.605
况,7,3.46
冽,8,3.85
凅,10,2.97
凉,10,2.18
凛,15,3.0
几,2,4.9
處,11,3.2466666666666666
凩,6,3.32
凭,8,3.3466666666666667
凰,11,4.57
凵,2,3.21
凾,9,4.9
刄,3,4.7
刋,5,4.355
刔,6,3.6750000000000003
刎,6,3.85
刧,7,2.85
刪,7,4.55
刮,8,4.15
刳,8,3.1566666666666667
刹,8,4.53
剏,9,3.04
剄,9,
剋,9,2.55
剌,9,1.83
剞,10,3.69
剔,10,4.11
剪,11,4.2
剴,12,2.935
剩,12,3.9066666666666667
剳,11,2.9966666666666666
剿,13,3.08
剽,13,2.52
劍,15,4.93
劔,16,4.93
劒,16,4.93
剱,11,4.93
劈,15,4.076666666666666
劑,16,4.373333333333333
辨,16,2.6933333333333334
劬,7,2.51
劭,7,2.46
劼,8,2.56
劵,8,2.6100000000000003
勁,9,3.14
勍,10,2.88
勗,11,1.85
勞,12,3.205
勣,13,2.015
勦,13,3.46
飭,13,2.335
勠,13,3.135
勳,16,2.86
勵,16,2.34
勸,19,2.136
勹,2,3.97
匆,5,2.46
匈,6,2.11
甸,7,3.1799999999999997
匍,9,3.8249999999999997
匐,11,4.27
匏,11,4.86
匕,2,4.96
匚,2,
匣,7,4.9
匯,13,3.6500000000000004
匱,14,4.53
匳,15,4.72
匸,2,
區,11,3.44
卆,4,3.5033333333333334
卅,4,3.75
丗,5,3.75
卉,5,4.93
卍,6,4.29
凖,12,2.3200000000000003
卞,4,3.115
卩,2,4.63
卮,5,2.6366666666666667
夘,5,3.6833333333333336
卻,9,2.07
卷,8,3.7533333333333334
厂,2,2.62
厖,9,3.5949999999999998
厠,11,3.665
厦,12,5.0
厥,12,1.54
厮,14,3.5774999999999997
厰,14,4.54
厶,2,3.45
參,11,2.79
簒,17,3.48
雙,18,3.365
叟,10,2.72
曼,11,2.6100000000000003
燮,17,2.8833333333333333
叮,5,1.77
叨,5,1.8325
叭,5,3.21
叺,5,4.77
吁,6,2.48
吽,7,4.41
呀,8,3.283333333333333
听,7,4.04
吭,7,4.5633333333333335
吼,7,4.0649999999999995
吮,7,3.46
吶,7,3.97
吩,7,3.735
吝,7,2.09
呎,7,4.9
咏,8,3.856666666666667
呵,8,2.9233333333333333
咎,8,2.3766666666666665
呟,8,3.12
呱,9,4.0
呷,8,3.8866666666666667
呰,9,2.46
咒,8,2.855
呻,8,3.9050000000000002
咀,8,4.44
呶,8,3.56
咄,8,3.456
咐,8,3.1100000000000003
咆,8,3.57
哇,9,3.0949999999999998
咢,9,1.86
咸,9,2.455
咥,9,4.193333333333333
咬,9,3.98
哄,9,2.3899999999999997
哈,9,4.79
咨,9,2.27
哂,9,2.565
咤,9,3.005
咾,9,4.13
咼,9,2.5366666666666666
哘,9,2.5
哥,10,3.66
哦,10,4.34
唏,10,2.08
唔,10,3.71
哽,10,3.085
哮,10,3.84
哭,10,4.0633333333333335
哺,10,4.175
哢,10,4.05
唹,11,4.355
啀,11,3.965
啣,12,3.68
啌,11,3.9366666666666665
售,11,2.6
啜,11,3.815
啅,11,3.8666666666666667
啖,11,4.44
啗,11,1.96
唸,11,3.95
唳,10,4.0
啝,11,3.7199999999999998
喙,12,4.96
喀,12,4.75
咯,9,3.32
喊,12,4.0
喟,12,3.72
啻,12,1.45
啾,12,3.98
喘,12,4.2
喞,12,3.7
單,12,2.9533333333333336
啼,12,4.173333333333333
喃,12,3.7
喩,12,2.23
喇,12,3.7
喨,12,3.55
嗚,13,3.05
嗅,13,3.9466666666666668
嗟,13,2.4025
嗄,13,3.07
嗜,13,2.7233333333333336
嗤,13,3.1399999999999997
嗔,13,1.85
嘔,14,4.75
嗷,14,3.56
嘖,14,2.79
嗾,14,3.38
嗽,14,4.253333333333333
嘛,14,4.89
嗹,14,
噎,15,3.535
噐,15,3.53
營,17,3.3024999999999998
嘴,16,4.82
嘶,15,3.635
嘲,15,2.4299999999999997
嘸,15,2.3333333333333335
噫,16,3.6533333333333333
噤,16,3.38
嘯,16,3.42
噬,16,4.44
噪,16,1.85
嚆,16,4.0
嚀,17,1.74
嚊,17,4.04
嚠,18,1.46
嚔,17,4.03
嚏,17,4.03
嚥,19,3.89
嚮,19,2.9725
嚶,20,3.88
嚴,20,2.0166666666666666
囂,21,3.075
嚼,21,4.44
囁,21,3.7649999999999997
囃,21,3.2583333333333333
囀,21,3.89
囈,21,1.84
囎,22,2.64
囑,24,2.645
囓,24,3.86
囗,3,4.9
囮,7,4.276666666666666
囹,8,4.68
圀,9,4.17
囿,9,4.67
圄,10,4.305
圉,11,4.84
國,11,4.17
圍,13,3.0083333333333333
圓,13,4.126666666666667
團,14,2.3
圖,14,4.0
嗇,13,2.09
圜,16,3.525
圦,5,4.55
圷,6,
圸,6,3.76
坎,7,2.85
圻,7,3.19
址,7,
坏,7,4.87
坩,8,4.904999999999999
埀,10,3.31
垈,8,4.640000000000001
坡,8,4.5675
坿,8,4.5
垉,8,3.69
垓,9,3.7975000000000003
垠,9,2.66
垳,9,3.675
垤,9,4.91
垪,9,2.64
垰,9,3.4466666666666668
埃,10,4.4
埆,10,3.2
埔,10,2.64
埒,10,2.925
埓,10,3.5033333333333334
堊,11,3.7
埖,10,3.865
埣,11,3.2
堋,11,3.875
堙,12,3.4400000000000004
堝,12,3.6550000000000002
塲,14,4.056666666666667
堡,12,4.72
塢,13,4.845
塋,13,4.93
塰,13,3.32
毀,13,2.375714285714286
塒,13,4.123333333333333
堽,12,3.635
塹,14,4.595000000000001
墅,14,4.4
墹,15,3.76
墟,15,
墫,15,5.0
墺,16,4.68
壞,19,3.39
墻,16,4.68
墸,15,2.46
墮,15,2.69
壅,16,4.01
壓,17,3.07
壑,17,4.72
壗,17,3.76
壙,18,4.81
壘,18,4.72
壥,20,3.8066666666666666
壜,19,4.683333333333334
壤,20,4.153333333333333
壟,19,4.683333333333334
壯,7,3.2925
壺,12,4.904999999999999
壹,12,3.3
壻,12,
壼,13,4.57
壽,14,2.17
夂,3,2.84
夊,3,3.84
夐,14,2.73
夛,6,2.2225
梦,11,2.48
夥,14,2.1550000000000002
夬,4,2.66
夭,4,2.125
夲,5,2.2775
夸,6,2.32
夾,7,2.57
竒,9,1.86
奕,9,3.37
奐,9,3.735
奎,9,3.38
奚,10,2.833333333333333
奘,10,2.59
奢,12,2.16
奠,12,2.19
奧,13,4.055
奬,14,3.5633333333333335
奩,14,
妁,6,
妝,7,4.93
佞,7,2.135
侫,8,2.135
妣,7,4.6
妲,8,4.57
姆,8,4.46
姨,9,2.79
姜,9,4.92
妍,7,2.2600000000000002
姙,9,
姚,9,2.16
娥,10,2.16
娟,10,2.93
娑,10,2.72
娜,10,2.37
娉,10,2.775
娚,10,3.73
婀,11,2.4749999999999996
婬,11,2.21
婉,11,2.37
娵,11,3.83
娶,11,2.91
婢,11,4.39
婪,11,1.93
媚,12,2.5533333333333332
媼,13,3.953333333333333
媾,13,2.13
嫋,13,2.69
嫂,13,3.59
媽,13,4.675
嫣,14,2.93
嫗,14,3.66
嫦,14,1.78
嫩,14,2.975
嫖,14,2.6399999999999997
嫺,15,2.1033333333333335
嫻,15,2.0933333333333333
嬌,15,2.64
嬋,15,2.16
嬖,16,2.07
嬲,17,2.7133333333333334
嫐,13,3.18
嬪,17,3.57
嬶,17,4.13
嬾,19,2.67
孃,20,4.82
孅,20,2.3
孀,20,4.33
孑,3,4.88
孕,5,1.54
孚,7,2.2199999999999998
孛,7,3.6533333333333333
孥,8,4.4825
孩,9,4.1
孰,11,1.5433333333333334
孳,12,3.745
孵,14,3.98
學,16,3.22
斈,7,3.22
孺,17,4.78
宀,3,2.56
它,5,2.04
宦,10,2.54
宸,10,3.9033333333333333
寃,11,1.8066666666666666
寇,11,3.0549999999999997
寉,11,4.68
寔,12,2.25
寐,12,4.44
寤,14,2.8
實,14,1.8399999999999999
寢,14,4.156666666666666
寞,13,2.4749999999999996
寥,14,2.19
寫,15,2.6433333333333335
寰,16,3.4400000000000004
寶,20,3.31
寳,19,3.31
尅,10,2.533333333333333
將,11,3.3466666666666667
專,11,2.0725
對,14,2.915
尓,5,2.825
尠,13,2.075
尢,3,
尨,7,3.23
尸,3,4.38
尹,4,1.46
屁,7,3.4699999999999998
屆,8,3.3080000000000003
屎,9,4.38
屓,10,
屏,9,4.84
孱,12,3.275
屬,21,2.4166666666666665
屮,3,3.21
乢,4,4.96
屶,5,2.64
屹,6,2.93
岌,7,2.795
岑,7,4.38
岔,7,4.9
妛,7,2.4525
岫,8,4.1325
岻,8,3.5
岶,8,3.14
岼,8,2.86
岷,8,3.5
峅,8,4.47
岾,8,4.96
峇,9,4.96
峙,9,4.215
峩,10,1.89
峽,10,4.266666666666667
峺,10,2.46
峭,10,3.46
嶌,14,4.96
峪,10,4.61
崋,10,3.5
崕,11,3.855
崗,11,4.93
嵜,12,3.76
崟,11,3.6025
崛,11,3.46
崑,11,3.48
崔,11,3.855
崢,11,3.61
崚,11,
崙,11,3.48
崘,11,
嵌,12,3.2
嵒,12,4.91
嵎,12,4.96
嵋,12,3.48
嵬,13,3.46
嵳,13,2.8925
嵶,13,4.96
嶇,14,3.76
嶄,14,3.76
嶂,14,2.8249999999999997
嶢,15,3.1950000000000003
嶝,15,4.265
嶬,16,3.61
嶮,16,3.11
嶽,17,4.2
嶐,14,3.14
嶷,17,1.97
嶼,16,4.96
巉,20,3.53
巍,21,3.46
巓,22,4.21
巒,22,3.22
巖,23,4.79
巛,3,
巫,7,3.98
已,3,2.704
巵,7,2.6366666666666667
帋,7,4.43
帚,8,4.89
帙,8,
帑,8,4.54
帛,8,4.9
帶,11,4.414
帷,11,4.71
幄,12,4.82
幃,13,4.9
幀,12,2.34
幎,13,4.9
幗,14,4.45
幔,14,4.82
幟,15,4.57
幢,15,4.795
幤,15,2.6566666666666663
幇,12,2.56
幵,6,2.5
并,6,2.5
幺,3,3.61
麼,14,4.93
广,3,3.81
庠,9,4.79
廁,12,4.316666666666666
廂,12,4.57
廈,13,5.0
廐,13,4.28
廏,14,4.28
廣,15,2.69
廝,15,4.64
廚,15,4.97
廛,15,3.8066666666666666
廢,15,2.665
廡,15,4.29
廨,16,2.88
廩,16,4.86
廬,19,
廱,21,2.865
廳,25,3.69
廰,20,2.88
廴,3,3.18
廸,8,3.32375
廾,3,3.67
弃,7,2.66
弉,10,3.2375
彝,18,1.69
彜,16,1.69
弋,3,3.63
弑,12,3.61
弖,4,
弩,8,4.61
弭,9,3.035
弸,11,3.365
彁,13,
彈,15,3.965
彌,17,2.85
彎,22,4.41
弯,9,4.41
彑,3,
彖,9,1.85
彗,11,4.67
彙,13,3.2279999999999998
彡,3,4.066666666666666
彭,12,3.915
彳,3,3.0975
彷,7,2.8833333333333333
徃,8,2.9339999999999997
徂,8,3.15
彿,8,2.46
徊,9,2.52
很,9,2.35
徑,10,3.6166666666666667
徇,9,3.1083333333333334
從,11,1.91
徙,11,3.25
徘,11,2.28
徠,11,2.4749999999999996
徨,12,2.52
徭,13,1.96
徼,16,3.1
忖,6,1.75
忻,7,2.69
忤,7,2.06
忸,7,2.24
忱,7,1.81
忝,8,1.98
悳,12,1.79
忿,8,1.85
怡,8,2.23
恠,9,2.22
怙,8,2.78
怐,8,2.205
怩,8,2.24
怎,9,1.605
怱,9,2.46
怛,8,2.09
怕,8,2.6066666666666665
怫,8,2.41
怦,8,2.63
怏,8,2.05
怺,8,2.0
恚,10,2.41
恁,10,1.625
恪,9,1.68
恷,10,1.8900000000000001
恟,9,2.57
恊,9,2.63
恆,9,2.223333333333333
恍,9,2.375
恣,10,1.77
恃,9,1.89
恤,9,2.325
恂,9,2.8249999999999997
恬,9,2.43
恫,9,2.8150000000000004
恙,10,3.54
悁,10,2.296666666666667
悍,10,3.2333333333333334
惧,11,2.0933333333333333
悃,10,1.97
悚,10,2.57
悛,10,2.32
悖,10,1.85
悗,10,1.85
悒,10,1.85
悧,10,1.79
悋,10,2.0
惡,12,1.805
悸,11,3.42
惠,12,1.9449999999999998
惓,12,2.44
悴,11,2.905
忰,7,2.1533333333333333
悽,11,1.85
惆,11,2.13
悵,11,1.85
惘,11,2.12
慍,13,1.85
愕,12,2.385
愆,13,2.4833333333333334
惶,12,2.57
惷,13,2.04
愀,12,2.04
惴,12,2.21
惺,12,2.03
愃,12,2.54
愡,12,3.3800000000000003
惻,12,1.85
惱,12,3.03
愍,13,1.7766666666666666
愎,12,2.785
慇,14,1.77
愾,13,2.585
愨,14,1.78
愧,13,2.4
慊,13,1.9
愿,14,1.9249999999999998
愼,13,2.165
愬,14,2.6
愴,13,2.52
愽,13,2.28
慂,14,2.09
慄,13,2.57
慳,15,1.79
慷,14,3.475
慘,14,2.2125
慙,15,1.725
慚,14,2.28
慫,15,2.05
慴,14,2.5999999999999996
慯,14,2.13
慥,14,1.835
慱,14,2.28
慟,14,2.13
慝,14,2.2266666666666666
慓,14,3.105
慵,14,
憙,16,2.04
憖,16,1.72
憇,15,3.045
憬,15,1.7766666666666666
憔,15,2.38
憚,15,2.6333333333333333
憊,16,3.14
憑,16,2.342857142857143
憫,15,1.8900000000000001
憮,15,1.93
懌,16,2.17
懊,16,2.248
應,17,2.755
懷,19,3.5085714285714285
懈,16,2.21
懃,17,1.77
懆,16,1.93
憺,16,2.9466666666666668
懋,17,2.085
罹,16,3.245
懍,16,3.09
懦,17,2.3449999999999998
懣,18,2.4466666666666668
懶,19,1.85
懺,20,2.11
懴,18,2.0
懿,22,1.975
懽,20,2.17
懼,21,2.57
懾,21,2.57
戀,23,2.46
戈,4,4.456666666666667
戉,5,3.9499999999999997
戍,6,2.5
戌,6,4.1850000000000005
戔,8,2.3533333333333335
戛,11,
戡,13,2.55
截,14,4.275
戮,15,3.9
戰,16,3.8033333333333332
戲,17,3.2533333333333334
戳,18,3.995
扁,9,3.04
扎,4,4.19
扞,6,2.76
扣,6,4.226
扛,6,3.8
扠,6,2.4050000000000002
扨,6,2.4050000000000002
扼,7,2.35
抂,7,3.1
抉,7,3.1925
找,7,2.77
抒,7,2.9
抓,7,3.38
抖,7,3.795
拔,8,3.22
抃,7,4.07
抔,7,1.52
拗,8,3.266
拑,8,3.38
抻,8,3.2750000000000004
拏,9,4.0200000000000005
拿,10,4.0200000000000005
拆,8,1.55
擔,16,3.5433333333333334
拈,8,3.695
拜,9,2.723333333333333
拌,8,3.76
拊,8,4.395
拂,8,3.635
拇,8,4.96
抛,7,4.1
拉,8,3.865
挌,9,4.126666666666667
拮,9,1.85
拱,9,4.359999999999999
挧,9,
挂,9,3.7
挈,10,4.04
拯,9,2.56
拵,9,2.6066666666666665
捐,10,4.04
挾,10,3.412
捍,10,2.585
搜,13,2.65
捏,10,3.855
掖,11,3.8600000000000003
掎,11,3.825
掀,11,3.9
掫,11,4.68
捶,11,4.49
掣,12,3.365
掏,11,4.03
掉,11,4.07
掟,11,2.57
掵,11,
捫,11,1.55
捩,10,4.075
掾,12,2.4633333333333334
揩,12,4.0
揀,12,2.48
揆,12,3.7266666666666666
揣,12,1.75
揉,12,3.77625
插,12,3.973333333333333
揶,12,2.915
揄,12,3.2666666666666666
搖,13,4.26
搴,14,3.645
搆,13,3.2
搓,13,4.465
搦,13,4.1049999999999995
搶,13,3.475
攝,21,2.645
搗,13,4.735
搨,13,3.995
搏,13,3.976666666666667
摧,14,3.118
摯,15,3.03
摶,14,4.4399999999999995
摎,14,4.685
攪,23,3.54
撕,15,3.4425
撓,15,4.335
撥,15,3.446
撩,15,3.1
撈,15,4.11
撼,16,3.25
擒,16,2.335
擅,16,
擇,16,2.973333333333333
撻,16,4.263333333333334
擘,17,4.56
擂,16,4.19
擱,17,3.1799999999999997
擧,17,3.2525
舉,16,3.2525
擠,17,4.21
擡,17,3.8449999999999998
抬,8,3.965
擣,17,4.61
擯,17,3.3049999999999997
攬,25,3.68
擶,18,3.72
擴,18,2.94
擲,18,3.18
擺,18,4.21
攀,19,4.25
擽,18,3.175
攘,20,3.66
攜,21,3.3966666666666665
攅,18,2.7350000000000003
攤,22,2.755
攣,23,3.705
攫,23,2.88
攴,4,4.023333333333333
攵,4,4.023333333333333
攷,6,3.02
收,6,3.07
攸,7,2.683333333333333
畋,9,3.7
效,10,2.24
敖,11,2.545
敕,11,1.46
敍,11,2.605
敘,11,2.605
敞,12,2.8233333333333333
敝,12,1.85
敲,14,4.050000000000001
數,15,2.59
斂,17,3.575
斃,18,3.485
變,23,2.375
斛,11,3.13
斟,13,3.4349999999999996
斫,9,4.55
斷,18,3.85
旃,10,
旆,10,4.79
旁,10,2.07
旄,10,3.5433333333333334
旌,11,3.7
旒,13,4.17
旛,18,4.79
旙,16,1.46
无,4,2.6933333333333334
旡,5,3.85
旱,7,3.755
杲,8,3.505
昊,8,4.055
昃,8,3.4833333333333334
旻,8,1.43
杳,8,3.1550000000000002
昵,9,1.665
昶,9,3.365
昴,9,1.43
昜,9,4.02
晏,10,2.6799999999999997
晄,10,3.55
晉,10,2.57
晁,10,1.78
晞,11,3.615
晝,11,4.205
晤,11,3.55
晧,11,2.895
晨,11,2.8449999999999998
晟,10,3.55
晢,11,4.03
晰,12,3.55
暃,12,1.85
暈,13,3.3233333333333333
暎,12,3.8200000000000003
暉,13,4.03
暄,13,3.56
暘,13,4.69
暝,14,4.29
曁,16,2.5725000000000002
暹,16,4.69
曉,16,3.52
暾,16,4.69
暼,16,2.96
暸,16,3.55
曖,17,3.185
曚,17,3.85
曠,19,2.515
昿,9,2.6825
曦,20,1.43
曩,21,2.034
曰,4,2.5833333333333335
曵,7,4.0975
曷,9,1.6033333333333335
朏,9,3.425
朖,11,3.1933333333333334
朞,12,3.97
朦,17,2.6550000000000002
朧,20,2.34
霸,21,2.165
朮,5,1.46
朿,6,5.0
朶,6,4.9
杁,6,4.55
朸,6,3.67
朷,6,3.3
杆,7,4.66
杞,7,4.89
杠,7,4.585
杙,7,4.05
杣,7,4.666666666666667
杤,7,3.535
枉,8,3.0742857142857143
杰,8,2.223333333333333
枩,8,4.475
杼,8,4.63
杪,8,4.745
枌,8,4.37
枋,8,4.965
枦,8,4.97
枡,8,3.52
枅,8,4.225
枷,9,
柯,9,4.57
枴,9,4.58
柬,9,3.15
枳,9,4.26
柩,9,4.86
枸,9,
柤,9,4.79
柞,9,3.3
柝,9,2.79
柢,9,4.34
柮,9,1.505
枹,9,4.32
柎,9,5.0
柆,9,3.865
柧,10,4.42
檜,17,
栞,10,4.865
框,10,3.24
栩,10,3.3
桀,11,3.52
桍,10,3.365
栲,10,4.9
桎,10,
梳,11,5.0
栫,10,
桙,10,
档,10,4.43
桷,11,4.97
桿,11,4.66
梟,11,4.195
梏,11,
梭,11,4.63
梔,11,4.88
條,11,4.205
梛,11,3.3
梃,11,4.77
檮,18,2.746666666666667
梹,11,
桴,11,4.98
梵,11,1.73
梠,11,1.46
梺,11,3.86
椏,12,4.77
梍,11,4.09
桾,11,3.3
椁,12,3.74
棊,12,
椈,12,4.82
棘,12,4.555
椢,12,4.15
椦,12,4.08
棡,12,4.92
椌,12,2.98
棍,12,1.46
棧,12,3.69
棕,12,4.85
椶,13,4.85
椒,12,
椄,12,3.4
棗,12,
棣,12,3.67
椥,12,3.3
棹,12,4.66
棠,12,2.41
棯,12,3.3
椨,12,3.3
椪,12,3.5
椚,12,4.82
椣,12,3.3
椡,12,3.3
棆,12,
楹,13,4.77
楷,13,3.3449999999999998
楜,13,4.59
楸,13,
楫,13,
楔,13,4.555
楾,13,4.85
楮,13,4.93
椹,13,3.3
楴,13,2.7
椽,13,4.945
楙,13,3.15
椰,13,4.79
楡,13,4.69
楞,13,4.255
楝,13,
榁,13,4.93
楪,13,
榲,14,
榮,14,1.73
槐,14,3.3
榿,14,
槁,14,3.07
槓,14,4.77
榾,14,4.71
槎,14,4.775
寨,14,4.72
槊,14,
槝,14,3.7300000000000004
榻,14,4.58
槃,14,4.64
榧,14,
樮,14,1.46
榑,14,
榠,14,3.3
榜,14,4.3533333333333335
榕,14,4.0
榴,14,4.86
槞,14,5.0
槨,15,3.74
樂,15,3.5999999999999996
樛,15,2.762
槿,15,4.9
權,21,2.19
槹,15,3.33
槲,15,4.82
槧,15,4.03
樅,15,4.58
榱,14,4.97
樞,15,4.265
槭,15,4.46
樔,15,3.9875000000000003
槫,15,4.85
樊,15,4.695
樒,15,5.0
櫁,18,
樣,15,1.96
樓,15,4.6850000000000005
橄,16,4.9
樌,15,4.76
橲,16,2.64
樶,16,4.87
橸,16,2.76
橇,16,4.855
橢,16,4.0
橙,16,2.93
橦,16,4.66
橈,16,4.82
樸,16,4.52
樢,15,4.08
檐,17,4.62
檍,17,
檠,16,4.345
檄,17,3.64
檢,17,3.4850000000000003
檣,17,4.92
蘗,20,4.71
檻,19,4.6825
櫃,18,4.456666666666666
櫂,18,4.82
檸,18,5.0
檳,18,
檬,17,5.0
櫞,19,2.07
櫑,19,3.44
櫟,19,4.82
檪,17,4.82
櫚,19,2.07
櫪,20,4.1866666666666665
櫻,21,4.62
欅,21,
蘖,20,4.64
櫺,21,4.63
欒,23,2.9699999999999998
欖,26,
鬱,29,1.99
欟,28,
欸,11,2.48
欷,11,4.0
盜,12,2.96
欹,12,3.91
飮,13,4.76
歇,13,2.8
歃,13,3.82
歉,14,2.1666666666666665
歐,15,
歙,16,3.18
歔,16,4.0
歛,17,3.33
歟,17,1.92
歡,21,2.335
歸,18,3.3125
歹,4,2.6125
歿,8,3.07
殀,8,3.16
殄,9,2.225
殃,9,2.38
殍,11,3.16
殘,12,3.0
殕,12,3.03
殞,14,3.5549999999999997
殤,15,3.16
殪,16,3.445
殫,16,1.905
殯,18,2.975
殲,21,4.0
殱,19,4.0
殳,4,4.25
殷,10,2.03
殼,12,4.6899999999999995
毆,15,3.492
毋,4,2.76
毓,14,3.2424999999999997
毟,8,4.126666666666667
毬,11,4.465
毫,11,3.0766666666666667
毳,12,3.783333333333333
毯,12,4.86
麾,15,2.74
氈,17,
氓,8,4.82
气,4,3.05
氛,8,3.66
氤,10,1.67
氣,10,2.6
汞,7,4.52
汕,6,4.65
汢,6,4.57
汪,7,2.8875
沂,7,3.5
沍,7,3.6433333333333335
沚,7,4.79
沁,7,3.855
沛,8,4.3100000000000005
汾,7,3.5
汨,7,2.525
汳,7,1.78
沒,7,2.628
沐,7,4.35
泄,8,4.28
泱,8,2.82
泓,8,3.38
沽,8,3.63
泗,8,3.135
泅,8,4.43
泝,8,3.15
沮,8,2.625
沱,8,2.43
沾,8,4.0024999999999995
泛,7,2.44
泯,8,3.19
泙,8,3.11
泪,8,4.27
洟,9,4.195
衍,9,3.59
洶,9,3.08
洫,9,4.5
洽,9,2.71
洸,9,3.31
洙,9,3.5
洵,9,2.17
洳,9,4.46
洒,9,4.085
洌,9,1.87
浣,10,4.35
涓,10,3.04
浤,10,3.54
浚,10,3.4266666666666667
浹,10,3.22
浙,10,3.5
涎,10,4.609999999999999
涕,10,1.88
濤,17,
涅,10,3.76
涵,11,2.79
淇,11,3.5
淦,11,
涸,11,2.815
淆,11,
淬,11,2.495
淞,11,3.5
淌,11,3.72
淨,11,2.42
淒,11,2.41
淅,11,4.35
淺,11,2.46
淙,11,3.7
淤,11,3.875
淕,11,4.1066666666666665
淪,11,4.295
淮,11,3.5
渭,12,3.5
湮,12,4.74
渮,11,3.5
渙,12,3.55
湲,12,2.43
湟,12,4.16
渾,12,2.27
渣,12,3.6
湫,12,4.85
渫,12,3.485
湶,12,3.425
湍,12,
渟,12,3.68
湃,12,3.7
渺,12,2.5549999999999997
湎,12,2.89
渤,12,3.48
滿,14,2.993333333333333
渝,12,2.37
游,12,4.25
溂,12,1.83
溪,13,4.72
溘,13,2.15
滉,13,3.38
溷,13,2.38
滓,13,4.015
溽,13,3.48
溯,13,2.985
滄,13,4.86
溲,13,4.93
滔,13,3.59
滕,15,3.53
溏,13,4.86
溥,13,2.71
滂,13,2.265
溟,13,4.575
潁,15,3.5
漑,15,4.14
灌,20,4.14
滬,14,2.69
滸,14,2.37
滾,14,3.96
漿,15,1.46
滲,14,
漱,14,4.205
滯,14,3.336666666666667
漲,14,3.72
滌,14,4.225
淹,11,3.462
渕,11,4.24
渊,11,4.24
漓,14,3.94
滷,14,4.24
澆,15,3.2175000000000002
潺,15,3.7
潸,15,2.43
澁,15,3.085
澀,17,3.085
潯,15,4.79
潛,17,3.05
濳,19,3.37
潭,15,3.38
澂,15,3.55
潼,15,3.46
潘,15,5.0
澎,15,2.67
澑,15,4.1125
濂,16,3.5
潦,15,3.63
澳,16,3.88
澣,16,4.35
澡,16,4.35
澤,16,4.96
澹,16,2.8033333333333332
濆,15,3.38
澪,16,4.295
濟,17,2.6220000000000003
濕,17,3.442
濬,17,3.21
濔,17,2.0300000000000002
濘,17,3.11
濱,17,4.823333333333333
濮,17,3.5
濛,16,4.29
瀉,18,3.44
瀋,18,4.785
濺,18,4.005
瀑,18,4.9
瀁,18,3.12
瀏,18,3.55
濾,18,4.59
瀛,19,4.91
瀚,19,3.06
潴,15,3.18
瀝,19,3.67
瀘,19,3.5
瀟,19,2.4699999999999998
瀰,20,2.2066666666666666
瀾,20,3.37
瀲,20,3.33
灑,22,3.4033333333333333
灣,25,4.323333333333333
炙,8,4.2475000000000005
炒,8,4.0375000000000005
炯,9,3.88
烱,11,3.88
炬,9,4.31
炸,9,4.52
炳,9,3.55
炮,9,4.255000000000001
烟,10,4.96
烋,10,2.24
烝,10,2.21
烙,10,4.11
焉,11,1.55
烽,11,3.86
焜,12,3.85
焙,12,4.54
煥,13,3.85
煕,13,3.85
熈,15,3.85
煦,13,3.56
煢,13,2.3233333333333333
煌,13,3.6399999999999997
煖,13,3.56
煬,13,4.255000000000001
熏,14,4.045
燻,18,3.685
熄,14,
熕,14,4.79
熨,15,4.025
熬,15,3.875
燗,16,3.34
熹,16,3.9250000000000003
熾,16,3.76
燒,16,4.1275
燉,16,3.23
燔,16,4.11
燎,16,4.470000000000001
燠,17,
燬,17,4.28
燧,17,3.86
燵,17,4.9
燼,18,
燿,18,3.85
爍,19,3.9050000000000002
爐,20,4.825
爛,21,2.535
爨,29,4.26
爭,8,2.4725
爬,8,4.215
爰,9,2.29
爲,12,2.74
爻,4,2.005
爼,9,4.3149999999999995
爿,4,
牀,8,4.86
牆,17,4.74
牋,12,4.2975
牘,19,4.7
牴,9,3.86
牾,11,2.5
犂,12,4.46
犁,11,4.46
犇,12,3.28
犒,14,2.7800000000000002
犖,14,3.035
犢,19,4.48
犧,20,2.8
犹,7,2.15
犲,6,2.8775
狃,7,2.29
狆,7,
狄,7,3.52
狎,8,1.94
狒,8,4.92
狢,9,4.37
狠,9,1.9675
狡,9,2.22
狹,10,2.986
狷,10,
倏,10,2.5700000000000003
猗,11,2.15
猊,11,3.195
猜,11,1.76
猖,11,2.45
猝,11,2.07
猴,12,4.9
猯,12,2.41
猩,12,4.81
猥,12,1.87
猾,13,2.45
獎,15,3.5633333333333335
獏,13,
默,16,3.545
獗,15,3.2750000000000004
獪,16,2.45
獨,16,2.535
獰,17,1.68
獸,19,4.62
獵,18,4.035
獻,20,3.3625
獺,19,4.86
珈,9,2.7
玳,9,4.87
珎,9,2.06
玻,9,4.82
珀,9,4.35
珥,10,5.0
珮,10,4.095
珞,10,4.96
璢,16,2.0
琅,11,1.46
瑯,14,2.0
琥,12,
珸,11,4.96
琲,12,4.76
琺,12,4.21
瑕,13,3.465
琿,13,4.96
瑟,13,3.37
瑙,13,4.64
瑁,13,2.04
瑜,13,4.96
瑩,15,3.55
瑰,14,1.86
瑣,14,3.885
瑪,14,4.64
瑶,13,2.16
瑾,15,4.96
璋,15,2.24
璞,16,3.27
璧,18,4.720000000000001
瓊,18,3.2
瓏,20,2.85
瓔,21,
珱,10,1.46
瓣,20,4.7
瓧,7,3.39
瓩,8,4.14
瓮,9,4.9366666666666665
瓲,9,3.08
瓰,9,
瓱,9,3.61
瓸,11,3.2
瓷,11,3.46
甄,14,3.1666666666666665
甃,14,4.8
甅,14,
甌,16,4.09
甎,16,4.8
甍,15,4.6850000000000005
甕,18,4.85
甓,18,4.8
甞,13,3.3714285714285714
甦,12,1.85
甬,7,4.75
甼,7,4.5600000000000005
畄,8,3.7333333333333334
畍,9,4.4
畊,9,3.8
畉,9,3.5700000000000003
畛,10,3.04
畆,9,
畚,10,4.605
畩,11,
畤,11,4.33
畧,11,3.0
畫,12,4.141666666666667
畭,12,2.81
畸,13,2.5966666666666667
當,13,2.785
疆,19,3.04
疇,19,2.783333333333333
畴,12,3.84
疊,22,3.535
疉,22,3.02
疂,16,4.15
疔,7,
疚,8,2.51
疝,8,4.05
疥,9,3.69
疣,9,4.89
痂,10,4.24
疳,10,
痃,10,
疵,11,4.0025
疽,10,
疸,10,4.3
疼,10,3.31
疱,10,4.48
痍,11,4.0
痊,11,3.03
痒,11,3.21
痙,12,2.18
痣,12,4.38
痞,12,3.36
痾,13,2.17
痿,13,2.62
痼,13,2.17
瘁,13,3.1
痰,13,4.48
痺,13,2.15
痲,13,4.105
痳,13,3.92
瘋,14,3.12
瘍,14,4.296666666666667
瘉,14,2.51
瘟,15,2.71
瘧,14,2.61
瘠,15,2.0566666666666666
瘡,15,4.123333333333333
瘢,15,4.74
瘤,15,4.345
瘴,16,
瘰,16,3.6
瘻,16,
癇,17,2.81
癈,17,2.12
癆,17,3.533333333333333
癜,18,
癘,17,3.405
癡,19,1.84
癢,20,3.21
癨,21,3.5199999999999996
癩,21,4.1
癪,21,
癧,21,3.6
癬,22,4.5
癰,23,4.2
癶,5,3.81
癸,9,
發,12,2.926
皀,7,4.075
皃,7,2.57
皈,9,3.3125
皋,10,1.43
皎,11,3.64
皖,12,3.46
皓,12,3.7199999999999998
皙,13,3.55
皚,15,3.89
皰,10,4.77
皴,12,3.8
皸,14,4.79
皹,14,4.79
皺,15,
盂,8,4.87
盍,10,3.1525000000000003
盖,11,4.443333333333333
盒,11,3.41
盞,13,2.74
盡,14,3.1799999999999997
盥,16,4.6899999999999995
盧,16,4.65
盪,17,2.9050000000000002
蘯,20,1.55
盻,9,3.25
眈,9,4.61
眇,9,3.1149999999999998
眄,9,3.53
眩,10,3.165
眤,10,3.455
眞,10,1.8399999999999999
眥,11,4.25
眦,11,4.61
眛,10,4.29
眷,11,2.375
眸,11,4.55
睇,12,3.53
睚,13,3.1799999999999997
睨,13,2.7975
睫,13,
睛,13,4.55
睥,13,3.83
睿,14,2.38
睾,14,
睹,14,3.085
瞎,15,4.0
瞋,15,1.85
瞑,15,3.976666666666667
瞠,16,4.1
瞞,16,1.86
瞰,17,3.085
瞶,17,3.21
瞹,18,2.715
瞿,18,2.79
瞼,18,
瞽,18,4.03
瞻,18,2.96
矇,18,4.03
矍,20,3.24
矗,24,
矚,26,2.96
矜,9,1.85
矣,7,3.57
矮,13,3.4749999999999996
矼,8,3.163333333333333
砌,9,2.795
砒,9,4.29
礦,20,4.15
砠,10,3.57
礪,19,4.455
硅,11,4.68
碎,13,3.615
硴,12,4.85
碆,13,4.32
硼,13,3.7
碚,13,4.555
碌,13,1.8
碣,14,4.24
碵,14,2.8125
碪,14,3.09
碯,14,
磑,15,4.6
磆,15,4.72
磋,15,4.23
磔,16,4.0
碾,15,4.2250000000000005
碼,15,4.24
磅,15,3.075
磊,15,2.37
磬,16,
磚,16,4.68
磽,17,3.685
磴,17,4.72
礇,18,4.96
礒,18,4.83
礑,18,3.774
礙,19,3.0125
礬,20,3.96
礫,20,3.22
祀,8,2.67
祠,10,3.22
祗,10,2.19
祟,10,2.21
祚,10,2.56
祕,10,2.075
祓,9,2.77
祺,13,2.145
祿,13,3.2725
禊,14,
禝,15,1.78
禧,17,2.0
齋,17,2.94
禪,17,3.67
禮,18,2.07
禳,22,3.315
禹,9,3.5
禺,9,
秉,8,2.8533333333333335
秕,9,3.43
秧,10,4.86
秬,10,1.46
秡,10,
秣,10,3.0
稈,12,4.1899999999999995
稍,12,1.79
稘,13,4.37
稙,13,
稠,13,2.52
稟,13,3.69
禀,13,3.69
稱,14,3.452
稻,15,4.86
稾,15,3.85
稷,15,3.88
穃,15,
穗,17,4.756666666666667
穉,17,3.2
穡,18,4.0
穢,18,4.23
穩,19,2.83
龝,21,3.27
穰,22,2.21
穹,8,4.45
穽,9,3.72
窈,10,2.76
窗,12,4.36
窕,11,2.76
窘,12,2.07
窖,12,4.68
窩,14,4.73
竈,21,4.675
窰,15,4.726666666666667
窶,16,
竅,18,4.885
竄,18,3.67
窿,16,4.68
邃,18,2.48
竇,20,4.6866666666666665
竊,22,2.785
竍,7,
竏,8,
竕,9,
竓,9,
站,10,3.5300000000000002
竚,10,3.045
竝,10,2.96
竡,11,
竢,12,2.23
竦,12,3.5749999999999997
竭,14,3.05
竰,14,
笂,9,4.4
笏,10,4.725
笊,10,4.86
笆,10,4.5600000000000005
笳,11,4.7
笘,11,4.72
笙,11,1.46
笞,11,3.6125
笵,11,3.715
笨,11,3.25
笶,11,4.97
筐,12,4.86
笄,10,4.756666666666667
筍,12,4.86
笋,10,4.86
筌,12,5.0
筅,12,4.86
筵,13,4.77
筥,13,3.9
筴,13,3.2424999999999997
筧,13,
筰,13,4.86
筱,13,3.51
筬,13,4.2
筮,13,
箝,14,2.8666666666666667
箘,14,3.726666666666667
箟,14,3.726666666666667
箍,14,4.86
箜,14,3.3
箚,14,2.12
箋,14,4.2975
箒,14,4.89
箏,14,1.46
筝,12,
箙,14,3.83
篋,15,4.9
篁,15,4.86
篌,15,3.3
篏,15,3.4025
箴,15,3.54
篆,15,
篝,16,4.49
篩,16,4.326666666666666
簑,16,1.46
簔,17,4.77
篦,16,4.965
篥,16,5.0
籠,22,3.788
簀,17,3.83
簇,17,4.203333333333333
簓,17,4.86
篳,17,4.82
篷,17,3.15
簗,17,5.0
簍,17,4.86
篶,17,3.66
簣,18,
簧,18,5.0
簪,20,2.7
簟,18,2.6799999999999997
簷,19,4.62
簫,19,4.93
簽,19,4.445
籌,20,3.4
籃,21,5.0
籔,21,4.59
籏,20,4.795
籀,19,1.46
籐,21,4.87
籘,22,4.470000000000001
籟,22,3.66
籤,23,4.035
籖,21,4.035
籥,23,
籬,25,4.86
籵,8,
粃,10,3.43
粐,10,
粤,12,1.56
粭,12,4.86
粢,12,4.37
粫,12,
粡,12,3.43
粨,12,
粳,13,1.79
粲,13,3.92
粱,13,3.46
粮,13,4.8
粹,14,2.14
粽,14,4.86
糀,13,4.57
糅,15,3.82
糂,15,
糘,16,4.86
糒,16,3.54
糜,17,1.85
糢,16,4.86
鬻,22,3.77
糯,20,2.62
糲,20,3.43
糴,22,3.64
糶,25,3.93
糺,7,2.6975
紆,9,4.27
紜,10,2.67
紕,10,3.44
紊,10,3.04
絅,11,3.83
絋,11,4.97
紮,11,4.81
紲,11,
紿,11,1.68
紵,11,4.8
絆,11,
絳,13,4.24
絖,12,3.89
絎,12,
絲,12,4.83
絨,12,4.86
絮,12,4.97
絏,12,4.81
絣,12,3.34
經,13,2.355
綉,13,4.63
絛,13,4.38
綏,13,2.6333333333333333
絽,13,4.7
綛,13,3.7399999999999998
綺,14,2.31
綮,14,4.3
綣,14,2.63
綵,14,3.78
緇,14,4.265
綽,14,2.5700000000000003
綫,14,4.665
總,17,2.4866666666666664
綢,14,2.885
綯,14,3.285
緜,15,4.97
綸,14,4.765000000000001
綟,13,3.375
綰,14,3.88
緘,15,4.005
緝,15,3.433333333333333
緤,15,4.89
緞,15,
緻,16,2.61
緲,15,3.225
緡,15,4.93
縅,15,1.43
縊,16,4.34
縣,16,3.74
縡,16,3.5250000000000004
縒,16,3.9
縱,17,2.6950000000000003
縟,16,3.53
縉,16,3.645
縋,15,3.06
縢,16,3.0
繆,17,3.3950000000000005
繦,17,3.9749999999999996
縻,17,4.93
縵,17,3.18
縹,17,4.21
繃,17,4.11
縷,17,4.83
縲,17,4.81
縺,17,4.323333333333333
繧,18,1.46
繝,18,1.46
繖,18,5.0
繞,18,2.89
繙,18,
繚,18,3.2
繹,19,3.97
繪,19,4.5675
繩,19,4.779999999999999
繼,20,3.1175
繻,20,4.57
纃,20,3.34
緕,14,3.34
繽,20,3.085
辮,20,4.38
繿,21,
纈,21,
纉,21,2.185
續,21,2.91
纒,22,3.826
纐,21,
纓,23,4.85
纔,23,1.46
纖,23,3.3333333333333335
纎,21,2.58
纛,25,4.795
纜,28,
缸,9,4.61
缺,10,2.986666666666667
罌,20,5.0
罍,21,4.73
罎,22,4.683333333333334
罐,23,4.5
网,6,4.53
罕,7,1.96
罔,8,4.53
罘,9,4.93
罟,10,4.53
罠,10,4.1
罨,13,4.23
罩,13,5.0
罧,13,
罸,15,2.66
羂,18,4.1
羆,19,4.48
羃,18,2.5549999999999997
羈,24,3.78
羇,22,4.56
羌,8,3.52
羔,10,4.97
羞,11,2.28
羝,11,4.5
羚,11,5.0
羣,13,3.735
羯,15,3.52
羲,16,2.64
羹,19,4.31
羮,15,4.31
羶,19,3.58
羸,19,3.31
譱,20,1.5666666666666667
翅,10,3.03
翆,10,4.395
翊,11,2.8049999999999997
翕,12,2.75
翔,12,4.154999999999999
翡,14,4.71
翦,15,4.13
翩,15,3.19
翳,17,3.68
翹,18,2.2
飜,21,3.316666666666667
耆,10,
耄,10,
耋,12,3.2
耒,6,3.3
耘,10,4.9
耙,10,3.41
耜,11,3.88
耡,13,4.17
耨,16,4.74
耿,10,4.21
耻,10,1.98
聊,11,1.79
聆,11,2.145
聒,12,3.56
聘,13,3.0
聚,14,3.67
聟,14,
聢,14,1.86
聨,15,3.6666666666666665
聳,17,4.4
聲,17,3.746
聰,17,2.645
聶,18,4.34
聹,20,4.215
聽,22,2.0
聿,6,3.09
肄,13,2.0833333333333335
肆,13,3.37
肅,13,2.62
肛,7,4.86
肓,7,3.59
肚,7,4.845
肭,8,2.81
冐,8,2.55125
肬,8,4.725
胛,9,4.93
胥,9,2.56
胙,9,
胝,9,3.9
胄,9,3.04
胚,9,4.61
胖,9,2.736666666666667
脉,9,3.356666666666667
胯,10,4.77
胱,10,4.48
脛,11,4.845000000000001
脩,11,3.54
脣,11,4.96
脯,11,3.54
腋,12,4.24
腆,12,2.1275
脾,12,4.7
腓,12,4.48
腑,12,4.33
胼,10,4.115
腱,13,4.47
腮,13,4.87
腥,13,3.67
腦,13,3.535
腴,13,4.006666666666667
膃,14,4.52
膈,14,3.93
膊,14,4.96
膀,14,4.48
膂,14,4.19
膠,15,4.65
膕,15,3.61
膤,15,4.85
膣,15,4.82
腟,13,4.82
膓,15,4.306666666666667
膩,16,3.8200000000000003
膰,16,
膵,15,4.79
膾,17,3.35
膸,17,4.48
膽,17,2.026666666666667
臀,17,4.39
臂,17,5.0
膺,17,4.48
臉,17,4.295
臍,18,4.71
臑,18,4.845000000000001
臙,20,3.77
臘,19,
臈,16,3.54
臚,20,3.87
臟,22,4.33
臠,25,4.07
臧,15,3.2399999999999998
臺,14,4.165
臻,16,3.2233333333333336
臾,9,1.78
舁,9,4.46
舂,11,4.253333333333334
舅,13,
與,13,2.785
舊,17,2.585
舍,8,4.795
舐,10,3.3714285714285714
舖,15,4.404999999999999
舩,10,4.82
舫,10,
舸,11,3.37
舳,11,4.61
艀,13,4.595000000000001
艙,16,3.68
艘,16,4.17
艝,17,4.855
艚,17,4.93
艟,18,3.78
艤,19,3.87
艢,19,3.7350000000000003
艨,19,3.78
艪,21,4.8
艫,22,2.86
舮,10,4.61
艱,17,2.052
艷,24,3.2416666666666667
艸,6,4.93
艾,5,4.54
芍,6,4.48
芒,6,4.96
芫,7,3.3
芟,7,4.234
芻,10,4.9
芬,7,4.66
苡,8,4.42
苣,8,4.76
苟,8,2.263333333333333
苒,8,1.8699999999999999
苴,8,4.38
苳,8,4.08
苺,8,5.0
莓,10,2.41
范,8,3.4966666666666666
苻,8,
苹,8,4.29
苞,8,4.38
茆,8,4.713333333333334
苜,8,4.5600000000000005
茉,8,4.55
苙,8,3.605
茴,9,
茖,9,4.925
茲,9,3.13
茱,9,4.89
荀,9,2.54
茹,9,3.295
荐,9,3.6550000000000002
荅,9,4.0
茯,9,3.3
茫,9,2.425
茗,9,4.69
茘,9,3.9699999999999998
莅,10,2.15
莚,10,4.77
莪,10,3.3
莟,10,4.48
莢,10,4.502
莖,10,4.0649999999999995
茣,10,4.475
莎,10,
莇,10,2.79
莊,10,4.89
荼,10,1.46
莵,10,
荳,10,4.845000000000001
荵,10,
莠,10,3.3
莉,10,4.55
莨,10,4.88
菴,11,
萓,11,3.92
菫,11,1.43
菎,11,1.46
菽,11,
萃,11,3.2533333333333334
菘,11,3.3
萋,11,1.935
菁,11,4.79
菷,11,4.89
萇,11,3.3
菠,11,4.77
菲,11,2.765
萍,11,3.89
萢,11,3.3600000000000003
萠,11,4.415
莽,9,4.625
萸,12,4.89
蔆,14,5.0
菻,11,2.07
葭,12,4.7
萪,12,3.3
萼,12,5.0
蕚,16,5.0
蒄,12,3.3
葷,12,4.89
葫,12,4.89
蒭,13,3.14
葮,12,4.9
蒂,12,4.63
葩,12,4.785
葆,12,2.83
萬,12,3.39
葯,12,4.08
葹,12,
萵,12,4.97
蓊,13,3.63
葢,12,4.443333333333333
蒹,13,3.3
蒿,13,
蒟,13,
蓙,13,4.475
蓍,13,
蒻,13,1.46
蓚,13,
蓐,13,5.0
蓁,13,3.7
蓆,13,4.445
蓖,13,
蒡,13,
蔡,14,3.3
蓿,14,4.5600000000000005
蓴,14,3.3
蔗,14,4.87
蔘,14,2.93
蔬,15,4.1
蔟,14,2.75
蔕,14,4.63
蔔,14,4.3
蓼,14,2.1950000000000003
蕀,15,
蕣,16,4.9
蕘,15,4.93
蕈,15,4.746666666666667
蘂,19,3.75
蕋,15,3.75
蕕,15,
薀,16,4.529999999999999
薤,16,4.654999999999999
薈,16,1.71
薑,16,4.92
薊,16,4.45
薨,16,3.07
蕭,16,2.5375
薔,16,5.0
薛,16,3.3
藪,18,4.59
薇,16,1.46
薜,16,3.3
蕷,16,4.93
蕾,16,4.48
薐,16,4.77
藉,17,3.496
薺,17,
藏,18,2.4875
薹,17,4.71
藐,17,2.513333333333333
藕,18,4.35
藝,18,3.305
藥,18,3.98
藜,18,2.41
藹,19,2.185
蘊,19,4.56
蘓,19,1.85
蘋,19,4.29
藾,19,3.58
藺,19,2.776666666666667
蘆,19,3.8
蘢,19,4.39
蘚,20,4.9
蘰,20,2.79
蘿,22,4.5
虍,6,4.26
乕,7,3.1675
虔,10,2.04
號,13,3.81
虧,17,2.54
虱,8,4.605
蚓,10,4.89
蚣,10,4.85
蚩,10,2.9299999999999997
蚪,10,4.86
蚋,10,4.915
蚌,10,4.89
蚶,11,4.67
蚯,11,4.89
蛄,11,4.41
蛆,11,4.576666666666666
蚰,11,4.77
蛉,11,4.865
蠣,20,4.85
蚫,11,3.165
蛔,12,3.82
蛞,12,2.07
蛩,12,4.77
蛬,12,4.77
蛟,12,4.39
蛛,12,4.97
蛯,12,4.8
蜒,13,3.5
蜆,13,
蜈,13,4.79
蜀,13,4.07
蜃,13,4.89
蛻,13,4.89
蜑,13,4.97
蜉,13,2.535
蜍,13,5.0
蛹,13,
蜊,13,1.46
蜴,14,4.68
蜿,14,
蜷,14,1.46
蜻,14,4.83
蜥,14,1.46
蜩,14,
蜚,14,4.895
蝠,15,5.0
蝟,15,4.93
蝸,15,4.93
蝌,15,4.86
蝎,15,4.84
蝴,15,4.93
蝗,15,4.8
蝨,15,4.605
蝮,15,4.69
蝙,15,5.0
蝣,15,
蝪,15,4.68
蠅,19,4.64
螢,16,4.9
螟,16,
螂,16,4.85
螯,17,
蟋,17,4.84
螽,17,4.91
蟀,17,4.84
蟐,17,4.925
雖,17,1.4300000000000002
螫,17,4.88
蟄,17,3.26
螳,17,4.85
蟇,16,5.0
蟆,16,5.0
螻,17,4.41
蟯,18,3.82
蟲,18,4.15
蟠,18,3.83
蠏,19,4.9
蠍,19,4.84
蟾,19,5.0
蟶,19,4.9
蟷,19,4.85
蠎,17,4.9399999999999995
蟒,15,4.9399999999999995
蠑,20,4.465
蠖,19,4.26
蠕,20,4.47
蠢,21,3.63
蠡,21,4.52
蠱,23,4.48
蠶,26,
蠹,24,4.69
蠧,22,
蠻,25,3.52
衄,10,4.43
衂,9,4.43
衒,11,3.3133333333333335
衙,13,2.88
衞,16,2.45
衢,24,4.67
衫,8,3.83
袁,10,3.18
衾,10,4.805
袞,11,2.52
衵,9,3.6950000000000003
衽,9,4.205
袵,11,4.205
衲,9,3.583333333333333
袂,9,4.66
袗,10,4.23
袒,10,3.75
袮,10,3.295
袙,10,
袢,10,3.625
袍,10,4.97
袤,11,4.07
袰,11,4.4125000000000005
袿,11,2.04
袱,11,4.9
裃,11,3.6100000000000003
裄,11,4.84
裔,13,3.91
裘,13,4.82
裙,12,4.695
裝,13,3.3375
裹,14,3.8400000000000003
褂,13,2.04
裼,13,1.55
裴,14,3.18
裨,13,2.56
裲,13,2.04
褄,13,4.82
褌,14,4.88
褊,14,3.13
褓,14,4.82
襃,17,2.61
褞,15,5.0
褥,15,4.763333333333334
褪,15,2.48
褫,15,3.48
襁,16,4.82
襄,17,3.92
褻,17,3.53
褶,16,
褸,16,
襌,17,4.155
褝,14,4.155
襠,18,3.41
襞,19,4.265
襤,20,
襭,20,3.86
襪,19,
襯,21,4.96
襴,22,1.46
襷,22,4.63
襾,6,3.716666666666667
覃,12,3.2266666666666666
覈,19,2.27
覊,25,3.78
覓,11,2.68
覘,12,3.495
覡,14,3.0
覩,16,3.21
覦,16,2.36
覬,17,2.36
覯,17,2.1
覲,18,2.6950000000000003
覺,20,3.3
覽,22,2.663333333333333
覿,22,3.105
觀,24,2.572
觚,13,5.0
觜,13,4.82
觝,12,3.0875
觧,13,2.893333333333333
觴,18,5.0
觸,20,3.1414285714285715
訃,9,4.18
訖,10,2.8275
訐,10,2.51
訌,10,2.38
訛,11,2.965
訝,12,1.79
訥,11,3.97
訶,12,3.07
詁,12,2.14
詛,12,2.39
詒,12,2.3175
詆,12,1.83
詈,12,2.07
詼,13,2.15
詭,13,2.395
詬,13,2.07
詢,13,3.04
誅,13,3.73
誂,13,2.79
誄,13,2.19
誨,14,2.48
誡,14,2.41
誑,14,2.465
誥,14,3.175
誦,14,3.965
誚,14,2.25
誣,14,2.33
諄,15,1.97
諍,15,3.32
諂,15,2.14
諚,15,2.48
諫,16,2.24
諳,16,3.615
諧,16,2.46
諤,16,3.83
諱,17,2.58
謔,16,3.48
諠,16,2.8
諢,16,2.35
諷,16,2.145
諞,16,2.25
諛,16,2.14
謌,17,3.395
謇,17,3.835
謚,17,3.96
諡,16,2.58
謖,17,3.17
謐,17,2.76
謗,17,2.1574999999999998
謠,17,4.003333333333333
謳,18,2.105
鞫,18,2.27
謦,18,
謫,18,3.03
謾,18,2.12
謨,17,2.59
譁,17,3.56
譌,19,2.965
譏,19,2.1574999999999998
譎,19,1.68
證,19,3.1014285714285714
譖,21,2.33
譛,19,2.3449999999999998
譚,19,4.07
譫,20,2.12
譬,20,3.31
譯,20,2.743333333333333
譴,21,1.71
譽,20,2.07
讀,22,3.296666666666667
讌,23,4.0
讎,23,2.185
讒,24,2.25
讓,24,2.6825
讖,24,2.69
讙,24,3.56
讚,26,3.5649999999999995
谺,12,5.0
豁,17,3.43
谿,17,4.72
豈,10,1.46
豌,15,4.9
豎,16,4.13
豐,18,2.3233333333333333
豕,7,4.886666666666667
豢,13,3.0
豬,16,4.83
豸,7,4.48
豺,10,4.39
貂,12,3.78
貉,13,4.37
貅,13,2.26
貊,13,
貍,14,1.46
貎,15,3.2600000000000002
貔,17,2.26
豼,11,2.26
貘,17,
戝,11,4.505
貭,11,3.7466666666666666
貪,11,2.245
貽,12,3.545
貲,13,3.7933333333333334
貳,12,4.18
貮,11,3.3
貶,11,2.0725000000000002
賈,13,3.71
賁,12,3.4
賤,15,2.33
賣,15,3.1633333333333336
賚,15,4.56
賽,17,4.695
賺,17,2.7
賻,17,2.19
贄,18,2.8099999999999996
贅,18,2.59
贊,19,2.7525
贇,19,2.16
贏,20,2.94
贍,20,2.59
贐,21,2.74
齎,21,2.7199999999999998
贓,22,2.89
賍,13,2.89
贔,21,2.5
贖,22,2.24
赧,12,2.38
赭,16,4.24
赱,7,3.5149999999999997
赳,10,3.14
趁,12,3.205
趙,14,2.34
跂,11,4.16
趾,11,3.915
趺,11,4.33
跏,12,3.76
跚,12,3.82
跖,12,4.11
跌,12,3.75
跛,12,2.11
跋,12,3.6900000000000004
跪,13,4.31
跫,13,3.7
跟,13,4.86
跣,13,4.33
跼,14,4.3475
踈,14,2.1333333333333333
踉,14,2.88
跿,14,4.62
踝,15,4.81
踞,15,3.5749999999999997
踐,15,3.5949999999999998
踟,15,2.46
蹂,16,4.54
踵,16,4.86
踰,16,3.15
踴,16,4.1925
蹊,17,4.41
蹉,17,3.75
蹌,17,3.41
蹐,17,2.25
蹈,17,3.252
蹙,18,2.6466666666666665
蹤,18,
蹠,18,4.11
踪,15,3.586666666666667
蹣,18,2.96
蹕,18,3.97
蹶,19,3.75
蹲,19,3.8233333333333333
蹼,19,4.395
躁,20,3.56
躇,19,2.46
躅,20,4.29
躄,20,4.0249999999999995
躋,21,4.11
躊,21,2.46
躓,22,3.75
躑,22,4.243333333333333
躔,22,3.63
躙,23,3.76
躪,26,3.76
躡,25,4.54
躬,10,3.9450000000000003
躰,12,2.5625
軆,20,4.1325
躱,13,3.05
躾,16,3.3
軅,19,2.0883333333333334
軈,24,2.0883333333333334
軋,8,4.166666666666667
軛,11,4.83
軣,11,4.05
軼,12,2.71
軻,12,2.21
軫,12,3.255
軾,13,3.77
輊,13,3.34
輅,13,4.86
輕,14,2.6075
輒,14,1.935
輙,15,3.82
輓,14,3.97
輜,15,4.89
輟,15,3.59
輛,15,4.17
輌,13,
輦,15,
輳,16,2.75
輻,16,3.38
輹,16,3.0
轅,17,4.71
轂,17,3.59
輾,17,4.07
轌,18,4.855
轉,18,3.1666666666666665
轆,18,4.7
轎,19,4.47
轗,20,1.9849999999999999
轜,21,4.85
轢,22,4.31
轣,23,3.36
轤,23,4.74
辜,12,2.44
辟,13,2.655
辣,14,2.596
辭,19,2.9233333333333333
辯,21,3.02
辷,5,3.8975
迚,8,1.955
迥,9,2.73
迢,9,2.73
迪,8,3.375
迯,9,3.5666666666666664
邇,18,2.91
迴,10,3.15
逅,10,3.0
迹,10,3.5366666666666666
迺,10,2.915
逑,11,3.21
逕,11,4.41
逡,11,3.15
逍,11,4.79
逞,11,2.723333333333333
逖,11,2.71
逋,11,3.67
逧,11,4.665
逶,12,3.32
逵,12,2.45
逹,12,3.126666666666667
迸,10,3.325
遐,13,2.75
遑,13,2.03
遒,13,2.6550000000000002
逎,11,2.6366666666666667
遉,13,1.33
逾,13,2.9299999999999997
遖,13,1.835
遘,14,3.0
遞,14,3.5533333333333332
遨,15,2.705
遯,15,2.9375
遶,16,2.81
隨,16,2.07
遲,16,2.745
邂,17,3.0
遽,17,2.4425
邁,17,2.65
邀,17,3.575
邊,19,3.9175
邉,18,3.9175
邏,23,3.17
邨,7,3.723333333333333
邯,8,4.24
邱,8,4.93
邵,8,3.48
郢,10,3.48
郤,10,4.43
扈,11,3.26
郛,10,3.48
鄂,12,2.54
鄒,13,3.48
鄙,14,1.605
鄲,15,3.48
鄰,16,4.695
酊,9,3.0
酖,11,3.5599999999999996
酘,11,2.92
酣,12,3.8166666666666664
酥,12,4.92
酩,13,4.0
酳,14,2.7649999999999997
酲,14,3.57
醋,15,4.89
醉,15,2.1399999999999997
醂,15,3.9400000000000004
醢,17,4.03
醫,18,4.79
醯,19,4.89
醪,18,2.53
醵,20,2.41
醴,20,4.0
醺,21,3.3
釀,24,3.25
釁,25,3.66
釉,12,4.105
釋,20,1.97
釐,18,2.775
釖,10,4.915
釟,10,3.3
釡,10,4.65
釛,10,4.81
釼,11,4.7
釵,11,2.7
釶,11,
鈞,12,2.35
釿,12,4.93
鈔,12,2.6849999999999996
鈬,12,3.875
鈕,12,4.96
鈑,12,4.93
鉞,13,4.23
鉗,13,3.38
鉅,13,2.7350000000000003
鉉,13,4.57
鉤,13,4.654999999999999
鉈,13,4.93
銕,14,3.9225
鈿,13,2.7
鉋,13,
鉐,13,4.7
銜,14,
銖,14,2.835
銓,14,4.04
銛,14,4.67
鉚,13,4.81
鋏,15,4.85
銹,15,3.905
銷,15,3.585
鋩,14,4.93
錏,16,4.92
鋺,16,4.87
鍄,16,3.3
錮,16,2.58
錢,16,
錚,16,4.7
錣,16,4.76
錺,15,4.87
錵,15,3.92
錻,16,4.87
鍜,17,
鍠,17,3.7
鍼,17,4.93
鍮,17,4.7
鍖,17,2.1
鎰,18,3.77
鎬,18,
鎭,18,2.04
鎔,18,4.255
鎹,18,4.53
鏖,19,3.3449999999999998
鏗,20,3.74
鏨,19,3.85
鏥,19,4.39
鏘,19,3.77
鏃,19,4.609999999999999
鏝,19,4.025
鏐,19,4.81
鏈,19,3.775
鏤,19,3.606666666666667
鐚,20,4.89
鐔,20,4.93
鐓,20,4.75
鐃,20,4.7
鐇,20,4.93
鐐,20,4.48
鐶,21,4.323333333333333
鐫,20,4.1066666666666665
鐵,21,4.59
鐡,20,4.59
鐺,21,4.43
鑁,22,3.5
鑒,23,3.0525
鑄,22,4.23
鑛,23,4.48
鑠,23,2.9050000000000002
鑢,23,3.79
鑞,23,
鑪,24,4.583333333333333
鈩,12,4.583333333333333
鑰,25,4.65
鑵,25,4.5
鑷,26,4.48
鑽,27,2.67
鑚,23,2.67
鑼,27,4.7
鑾,27,
钁,28,4.74
鑿,28,4.63
閂,9,4.96
閇,11,3.38
閊,11,1.55
閔,12,2.0433333333333334
閖,12,4.465
閘,13,4.825
閙,13,3.56
閠,13,1.82
閨,14,4.9
閧,14,3.63
閭,15,2.67
閼,16,2.825
閻,16,4.64
閹,16,
閾,16,3.48
闊,17,3.06
濶,17,3.06
闃,17,3.11
闍,17,3.535
闌,17,2.9450000000000003
闕,18,2.87
闔,18,
闖,18,2.38
關,19,3.092
闡,20,2.07
闥,21,4.96
闢,21,3.21
阡,6,3.08
阨,7,2.72
阮,7,3.48
阯,7,4.0633333333333335
陂,8,4.3566666666666665
陌,9,4.75
陏,9,4.445
陋,9,2.4299999999999997
陷,11,4.38
陜,10,3.04
陞,10,3.63
陟,11,4.075
陦,10,4.96
陲,11,3.04
陬,11,4.61
隍,12,3.77
隘,13,2.75
隕,13,4.04
隗,13,3.61
險,16,3.11
隧,15,3.5949999999999998
隱,17,3.5433333333333334
隲,17,3.8333333333333335
隰,17,1.85
隴,19,4.779999999999999
隶,8,3.515
隸,17,3.8449999999999998
隹,8,3.8600000000000003
雎,13,
雋,12,2.15
雉,13,4.75
雍,13,2.48
襍,17,3.3375
雜,18,3.3375
霍,16,2.48
雕,16,3.96
雹,13,4.32
霄,15,4.45
霆,15,4.465
霈,16,3.42
霓,16,4.57
霎,16,3.91
霑,16,4.23
霏,16,3.64
霖,16,3.18
霙,16,4.78
霤,18,4.62
霪,19,4.97
霰,20,3.7700000000000005
霹,21,4.34
霽,22,3.55
霾,22,
靄,24,4.403333333333333
靆,24,4.54
靈,24,1.73
靂,24,3.876666666666667
靉,25,
靜,16,2.76
靠,15,3.0
靤,14,4.77
靦,16,1.67
靨,23,4.74
勒,11,3.5
靫,12,3.83
靱,12,3.763333333333333
靹,13,
鞅,14,4.529999999999999
靼,14,3.9749999999999996
鞁,14,4.705
靺,14,4.82
鞆,14,
鞋,15,4.77
鞏,15,3.65
鞐,15,4.3149999999999995
鞜,17,5.0
鞨,18,4.64
鞦,18,4.54
鞣,18,4.14
鞳,18,3.0
鞴,19,
韃,22,3.9349999999999996
韆,24,4.545
韈,23,4.62
韋,10,4.14
韜,20,4.4350000000000005
韭,9,4.92
齏,23,
韲,19,4.93
竟,11,2.4050000000000002
韶,14,3.255
韵,13,3.545
頏,13,4.375
頌,13,3.48
頸,16,4.875
頤,15,4.88
頡,15,3.8499999999999996
頷,16,4.62
頽,16,3.62
顆,17,4.8
顏,18,3.705
顋,18,4.06
顫,22,3.41
顯,23,2.9699999999999998
顰,24,3.825
顴,26,4.71
顳,27,4.53
颪,12,3.93
颯,14,2.8866666666666667
颱,14,4.55
颶,17,4.7
飄,20,3.995
飃,20,4.1466666666666665
飆,21,4.07
飩,13,
飫,13,
餃,15,
餉,15,
餒,16,3.0599999999999996
餔,16,3.5200000000000005
餘,16,2.98
餡,17,5.0
餝,16,3.075
餞,17,2.21
餤,17,3.6733333333333333
餠,17,4.86
餬,18,4.86
餮,18,1.9449999999999998
餽,19,2.7750000000000004
餾,19,3.79
饂,19,
饉,20,3.3
饅,20,
饐,21,3.145
饋,21,2.5933333333333333
饑,21,3.17
饒,21,2.83
饌,21,3.8099999999999996
饕,22,1.85
馗,11,4.75
馘,17,3.3150000000000004
馥,18,4.66
馭,12,3.96
馮,12,1.815
馼,14,4.86
駟,15,3.37
駛,15,4.31
駝,15,3.975
駘,15,1.75
駑,15,2.56
駭,16,1.85
駮,16,
駱,16,3.89
駲,16,
駻,17,3.7199999999999998
駸,17,3.62
騁,17,3.27
騏,18,3.32
騅,18,4.11
駢,16,
騙,19,1.68
騫,20,3.89
騷,20,2.585714285714286
驅,21,3.77
驂,21,2.46
驀,20,2.69
驃,21,3.89
騾,21,5.0
驕,22,1.5499999999999998
驍,22,2.384
驛,23,4.32
驗,23,2.56
驟,24,3.0749999999999997
驢,26,5.0
驥,26,2.755
驤,27,3.89
驩,27,2.375
驫,30,2.37
驪,29,3.76
骭,13,4.845000000000001
骰,14,4.86
骼,16,3.72
髀,18,4.9
髏,21,4.83
髑,23,4.83
髓,23,4.48
體,23,2.5625
髞,23,3.045
髟,10,4.293333333333333
髢,13,4.72
髣,14,2.46
髦,14,2.6900000000000004
髯,15,4.93
髫,15,3.22
髮,15,4.97
髴,15,2.46
髱,15,4.355
髷,16,
鬆,18,4.033333333333333
鬘,21,4.845
鬚,22,4.93
鬟,23,4.45
鬢,24,4.96
鬣,25,4.73
鬥,10,4.11
鬧,15,3.11
鬨,16,3.915
鬩,18,3.32
鬪,20,3.78
鬮,26,3.9233333333333333
鬯,10,3.3225
鬲,10,4.72
魄,15,1.73
魃,15,
魏,18,3.415
魍,18,3.41
魎,18,3.41
魑,21,4.96
魘,24,2.18
魴,15,3.3
鮓,16,4.135
鮃,16,3.92
鮑,16,
鮖,16,
鮗,16,4.45
鮟,17,
鮠,17,
鮨,17,4.135
鮴,17,4.5600000000000005
鯀,18,2.575
鯊,18,
鮹,18,5.0
鯆,18,3.3
鯏,18,3.61
鯑,18,4.3
鯒,18,4.09
鯣,19,4.23
鯢,19,3.8025
鯤,19,3.37
鯔,19,4.78
鯡,19,4.68
鰺,22,5.0
鯲,19,
鯱,19,2.715
鯰,19,
鰕,20,4.76
鰔,20,4.61
鰉,20,4.52
鰓,20,4.4399999999999995
鰌,20,
鰆,20,
鰈,20,4.015000000000001
鰒,20,3.68
鰊,20,4.68
鰄,20,1.46
鰮,21,5.0
鰛,20,5.0
鰥,21,3.3899999999999997
鰤,21,4.44
鰡,21,4.04
鰰,21,4.4
鱇,22,
鰲,22,3.54
鱆,22,5.0
鰾,22,5.0
鱚,23,
鱠,24,4.68
鱧,24,4.79
鱶,26,4.93
鱸,27,4.79
鳧,13,3.0533333333333332
鳬,9,3.0533333333333332
鳰,13,
鴉,16,4.895
鴈,15,2.41
鳫,13,2.41
鴃,15,
鴆,15,1.46
鴪,16,4.1
鴦,16,4.57
鶯,21,4.46
鴣,16,4.0
鴟,16,5.0
鵄,17,4.596666666666667
鴕,16,
鴒,16,
鵁,17,4.52
鴿,17,4.705
鴾,17,3.15
鵆,17,
鵈,17,5.0
鵞,18,4.81
鵤,18,
鵑,18,4.42
鵐,18,
鵙,18,
鵲,19,
鶉,19,4.65
鶇,19,3.92
鶫,20,3.92
鵯,19,4.48
鵺,19,2.12
鶚,20,
鶤,20,3.3
鶩,20,2.57
鶲,21,2.825
鷄,21,4.8
鷁,21,4.43
鶻,21,4.95
鶸,21,4.21
鶺,21,
鷆,21,
鷏,21,
鷂,21,4.85
鷙,22,2.934
鷓,22,4.0
鷸,23,4.04
鷦,23,3.8
鷭,23,5.0
鷯,23,3.8
鷽,24,4.88
鸚,28,4.95
鸛,28,
鸞,30,2.3200000000000003
鹵,11,4.89
鹹,20,3.93
鹽,25,4.89
麁,13,3.013333333333333
麈,16,4.949999999999999
麋,17,4.7
麌,18,4.529999999999999
麒,19,3.7600000000000002
麕,19,
麑,19,4.3
麝,21,3.44
麥,11,4.89
麩,15,4.21
麸,11,4.21
麪,15,4.925
麭,12,3.59
靡,19,3.482
黌,25,4.79
黎,15,3.473333333333333
黏,17,3.8625
黐,23,
黔,16,3.76
黜,17,3.97
點,17,4.0875
黝,17,3.76
黠,18,2.45
黥,20,
黨,20,3.14
黯,21,4.025
黴,23,4.71
黶,26,4.406666666666667
黷,27,2.105
黹,12,4.4
黻,17,4.37
黼,19,4.63
黽,13,3.68
鼇,24,1.81
鼈,25,3.32
皷,14,3.83
鼕,18,3.76
鼡,8,4.656666666666666
鼬,18,4.8100000000000005
鼾,17,4.18
齊,14,2.466666666666667
齒,15,4.675
齔,17,3.5300000000000002
齣,20,2.35
齟,20,3.4266666666666667
齠,20,4.08
齡,20,2.86
齦,21,
齧,21,3.395
齬,22,2.43
齪,22,3.07
齷,24,2.5
齲,24,4.0649999999999995
齶,24,4.87
龕,22,4.08
龜,18,4.9350000000000005
龠,17,5.0
槇,14,4.75
遙,14,2.88
瑤,14,2.16
凜,15,3.0
熙,15,3.2525
